title,trans
輝きの始まり,Radiance's Beginning
チカチカ、小さく瞬くみたいな,"Flickering, Like A Small Star"
翳る前に、曇る前に,"Before it Glooms, Before it Fades"
もう１度、ここから,"Once Again, From Here"
１番輝く、そのために,"First Shine, For That Reason"
３人だから灯せたもの,The Things 3 People Lit
想いを重ねて、支えを光に,"Put Your Mind Into It, Light Your Support"
illumination STARS,illumination STARS
運命の鍵・プレリュード,"Key of Destiny, Prelude"
走り続けるために,Keep On Running
別腹☆カラオケタイムばい！,Another Dessert☆Double Karaoke Time!
凛と咲く、そのために,"For That Reason, It Bloomed"
you/I/we,you/I/we
心、揃えたいから……,A Heart's Match...
『L’Antica』,"""L'Antica"""
運命の鍵・シンフォニー,"Key of Destiny, Symphony"
特訓！？レッスン合宿は学校で,Special Training!? Lesson Camp At School
SCHOOL COOL SCHOOL,SCHOOL COOL SCHOOL
ちょこ先輩のユウシ,Choco-senpai's Support
白熱★枕投げ大会！！,Excitement★Pillow Fight Competition!!
座禅ってすごいのよ,Zazen's Pretty Amazing
肝試し★６人一緒なら怖くない！,Test Of Courage★Six People Aren't Scared Together!
灯る想いは写真の中に,A Photograph's Feelings
クライマックスは終わらない！,The CLIMAX Isn't Over!
私達の目的地,Our Destination
パールホワイト,Pearl White
天と地、屈折,"Heaven and Earth, Warping"
甜花の敵じゃない,Not a Threat to Tenka
私をもっと知りたくて,Want to Know More About Myself
まごころ・みっつ重ねて,"Sincerity, Threefold"
私達の幸福論,Our Theory of Happiness
花ざかり、これからも。,"Flowers Blooming, From Now On."
夏の依頼は突然に,Sudden Summer Trip
ヤキソバ・プロテイン・藁人形,"Yakisoba, Protein, Straw Doll"
Mission:Break,Mission:Break
放課後、想いは置手紙に込めて,"Afterschool, Put Your Feelings In This Letter"
いつもよりサイコー,Better Than Usual
ハプニングはピーヒョロロ,A Call Is Happening
トリ戻す大作戦！,The Great Bird's Return!
きっと忘れない夏の光,The Unforgettable Sunset
ようこそ L'Antic WORLD,Welcome to L'Antica's WORLD
イタズラ or Trick,Prank Or Trick?
運命の鍵・捜索中……,Searching For The Key To Destiny…
送出大作戦☆君に会えてよかった,Sending Out Strategy☆Glad to Meet You
いらっしゃいませ、いただきます,Welcome And Thank You
絵画迷宮・解き明かさないで,"Painting Labyrinth, Unraveled"
救出大作戦☆信じるのは、君,"Rescue Operation☆Believe In You, Friend"
私の大切な人,My Special Person
パーティー・チューニング,Party Tuning
泥棒！？,A Thief!?
危険なクリスマスイブ,Dangerous Christmas Eve
キラキラノンシュガートラップ,Shiny Non-sugar Trap
この味を飲み干して……,Taste This Drink...
くいあらためてください,Repent Please
観念せよ！トナカイ,An Idea! Reindeer
サンタさんつかまえた,Caught Santa
あたま隠して尻隠さず,Behaving Like an Ostrich
げたと焼き味噌,Geta and Grilled Miso
おにに金棒,Metal Rod to a Demon
めの上のたんこぶ,Thorn in One's Side
こころざしは松の葉,Gift of Pine Needles
とおくの一家より近くの隣,A neighbour rather than faraway kin
よめ遠目笠の内,"In darkness, under a bamboo hat"
ろんご読みの論語知らず,Knowing the Analects but not understanding them
見えない、ヒカリの先,"I Can't See, Beyond The Light"
彼女の輝き,Her Shine
思いがけない到着駅,An Unexpected Arrival Station
彼女のキラメキ,Her Sparkle
ふたりにはあるのに,"The Two of Them Have It, But... "
私の場所,My Place
あのね、あるの、悩み事,"Hey, You Know, I Am Worried About Something"
ヒカリの先,Beyond the Light
魔法のような、恋の香りを,Magical Love Aroma
碧色の妖精は乙女心を揺らす,The Green Fairy Shakes The Maiden's Heart
青磁色の妖精は魔法をかける,The Blue Fairy Casts Her Magic
桃色の妖精は春の風にのって,The Pink Fairy Sails On The Spring Breeze
紫色の妖精は恋の夢を見るか？,Does The Purple Fairy Dream About Love?
妖精たちは遊び好き！,The Fairies Love To Play!
水縹色の妖精は風を歌う,The Light Blue Fairy Sings To The Wind
マジーア・アンティーカ,MAGIA L'Antica
レンジでチン！,Pop in the Microwave!
キラ・キラ・ピク,Sparkling Selfie
だから、エールを,"Therefore, SHOUT"
アンティーカ・ポリシー,L'Antica's Policy
上を見て歩いていれば,Look Above and Walk Along
５つの紋章,The Five Emblems
（再）トレジャーハント,[Another] Treasure Hunt
春色の時間、そして,"The Spring Hour, therefore"
出るんだって、虹,出るんだって、虹
ただのピクニック,ただのピクニック
いつかのピクニックの話,いつかのピクニックの話
サイコロツアー、スタート！,"Dice Tour, Start!"
Keep／Problem／Try,Keep/Problem/Try
甜花は大丈夫,Tenka Will Be Fine
ふたりとひとりの夜,The Night of the Two and the One
大人じゃないんだもん,I'm Not An Adult
『プロブレム』,[Problem]
にっこりまで,Until We Smile
Happy Ending Story,Happy Ending Story
見ない顔ですね,Never Seen You Before
ソノダチヨコです！,It's Chiyoko Sonoda!
理由なんて必要かしら？,Do I Need A Reason?
校内での抗争、乱闘の一切を禁ず,"No Fights Or Protests, Within This School"
自由への導火線,The Plan To Freedom
寒すぎだよ,It's Too Cold
喧嘩するには十分な理由だろ,A Good Reason To Fight
覚悟しろ！,Brace Yourself!
GIRL MEETS,GIRL MEETS
FREEDOM,FREEDOM
ENTER MEI！,ENTER MEI!
SING IT！！,SING IT!!
INVISIBLE,INVISIBLE
FALSE ,FALSE
LIBERTY,LIBERTY
WE WILL,WE WILL
朝の物語,Morning
昼の物語,Daytime
夜の物語,Evening
時の物語,Time
鏡の物語,Mirror
湯の物語,Hot Spring
銀河の冒険,Milky Way Adventure
夏休みの秘密,The Trip's Secret
うさぎがぴょん,"Rabbit Goes ""Boing"""
いっしょにつこう,Let's Get Together
おいしくなあれ,It's Delicious
もうちょっとだね,Just a Bit More
できたよ！,I did it!
いつか、いつかは,Someday
ただいま、おかえり,Welcome Back
はじまり、はじまり,The Beginning
お下がりくださいっ,Please Come Down
キャラメルのバラッド,A Caramel Ballad
ちょっとした荒事,A Bit of a Fight
ラ・ラ・ラ・ミルキィウェイ,La La La Milky Way
ジャストライクキョンシーブルース,Just Like Jiangshi Blues
鳴かないでベイビー,"Don't Cry, Baby"
轟・銀河暴走幸福論,"Roar・Milky Way Runaway's
Theory of Happiness"
ローリンストーンのように,Like A Rolling Stone
秋うららの物語,A Wonderful Autumn Tale
ガクエンサイGOGO！,School Festival GOGO!
Who are you?,Who are you?
みなそこで息を止めて,Hold Your Breath
ううん,"No, it's alright"
invent laughter,invent laughter
魚と虹のワルツを,The Fish and Rainbow Waltz
呼吸のソルフェージュ,Solfège of Breathing
13:15 PM,13:15 PM
13:32 PM,13:32 PM
14:11 PM,14:11 PM
14:48 PM,14:48 PM
15:06 PM,15:06 PM
16:57 PM,16:57 PM
17:46 PM,17:46 PM
added time アマクナイヨル,added time: not an easy night
[behind]283production,[behind]283production
[behind]ichibanboshi,[behind]firststar
[behind]usachiyokame,[behind]usachiyokame
[behind]maria,[behind]maria
[behind]hermes,[behind]hermes
[behind]seishun_jersey,[behind]youthful_jersey
[behind]pi-chan,[behind]pii-chan
[edit],[edit]
拝啓、階段の先の君へ,"Dear You, Atop the Stairs"
温かいうちに,While It's Still Warm
まだ帰りたくない,I Don't Want to Go Home Yet
夜の食堂にて,In the Dining Hall at Night
夕焼け小焼けで,At the Sunset Chime
ファイ、オー！,"Fight, Oh!"
鬼は外、福は内,"Demons Out, Fortunes In"
追伸、写真を添えて送ります,P.S. I've Enclosed a Picture
予感,A Premonition
アプリコット,Apricot
反対ごっこ,The Opposite Game
そして彼女はインターホンを鳴らす,And Then She Rings the Doorbell
ふたつの夜,Two Nights
こわい,I'm Scared
薄桃色にこんがらがって,Tangled Up in Light Pink
エンドロールは流れない,The End Credits Never Roll
泣かない家,A house that doesn't cry
送り出す家,A house that sends us off
もうすぐ帰ります,We'll be back soon
騒がしい家,A noisy house
優しい家,A kind house
からっぽの家,An empty house
もうすぐ帰ります２,We'll be back soon 2
家の物語の話,A tale of a house's story
ハウ・スーン・イズ・ナ→ウ,How Soon Is→Now?
屋上,Rooftop
視界１,View 1
アンプラグド,Unplugged
視界２,View 2
視界３,View 3
海,The Sea
ハング・ザ・ノクチル！,Hang the Noctchill!
ハロウィン・ゴシップ,Halloween Gossip
呼んだんだけど,"I Called for You, But"
図書館ライオット,Library Riot
兼・魔女見習いたち,The Magician's Apprentices
ゴー！本探し,Go! Book Hunt!
コンビニ・キャンディ,Convenience Store Candy
走って！,Run!
次のハロウィンには,On the Next Halloween
流れ星が消えるまでのジャーニー,Journey Until the Shooting Stars Disappear
夜が来るよ、ジュメル,"Night is Coming, Jumelle"
セピアの森でチカチカ光る,The Sepia Forest Twinkles and Glows
ふとなんとなく輪郭に触れ,"Kind of, Sort of, Touch the Outline"
小さな記憶のピルエット,A Little Pirouette in Memory
近くて遠くてピカピカでキラキラ,"Close By, Far Away, Sparkly and Shiny"
とろけるおふとん,Melty Mattress
静かに、夜が逃げないように,"Quietly, so the Night Doesn't Escape"
シャンテ、これからも,"Chanter, From Here On Out"
ノロマたちの午後,Duffers' Evening
タック用意,Ready About
風のない夜,Night Without the Wind
口笛,Whistle
汽水域にて,In Brackish Waters
ココア・説教・ミジンコ,"Cocoa, Lectures, Water Fleas"
あけの星に口づけ,A Kiss to the Morning Star
うみを盗んだやつら,Ones Who Stole the Sea
クイズ・アンティーカ,Quiz L'Antica
知ってるはずだったのになぁ,I Should've Known That
珍しいこと,A Rare Thing
優しくすれ違う,Sweetly Passing By Each Other
あっちこっち,Here and There
言わなきゃわからない,I'll Never Know Unless You Say It
ねぇと呼んだらなぁにと笑って,"When I Say ""Hey"", Smile and Say ""What's Up"""
いつつのままでひとつ,"As Five, As One"
雨の中のあたたかい錆のにおい,The Smell of Rust in the Rain
かわった,Things have Changed
ひとりずつ３人,"3 of Them, One by One"
ダメだった,Screwup
みんな,All of us
のびる、びる,Sky High Building
槌をうつ音がきこえる,Can Hear the Hammers Clanging
さざなみはいつも凡庸な音がする,Ripples Always Sound So Mundane
成長,Growth
遠く遠くまで,"Far, far reaching"
普通,Normal
立っているだけでも,Even if they just stand there
理解,An understanding
かんむり,Cap
結局,In the end
凡庸な音たち,The mundane sounding ones
アウトフォーカス,Out of focus
感光・１,Photosensitivity 1
感光・２,Photosensitivity 2
感光・３,Photosensitivity 3
感光・４,Photosensitivity 4
感光・５,Photosensitivity 5
オートフォーカス,Autofocus
屋上に光,Light on the rooftop
漕ぐ人,People Who Pedal
小さな夜,A Little Night
みんなは頑張っている,Everyone Else is Doing Their Best
車輪,Wheel
3つの夜,Three Nights
みんなが,Everyone Is
きみの座らないたくさんの席,The Many Seats You're Not Sitting On
運ぶ人,People Who Carry
赤い休符,Red Silence
月と鍵盤,Moon and Keyboard
なみまにあい,Love Between the Waves
エンカウンター・グループ,Encounter Group
これは棺に違いない,This Must be a Coffin
協和的不協和,Harmony Dissonance
ライファーズ,Lifers
やつらのゲーム,Their game
鎖状時間,Chained time
ずっと仲良しノクチルとか笑,"noctchill will be like, friends forever lol"
いまはいつなのかっていう,"When is ""now"" then"
熱帯夜,Tropical night
枝状未来,Branching futures
くじらを捕まえろ,Catch the whale
それでもいましか見えないよ,"Still, ""now"" is all that can be seen"
long long ago,long long ago
１日目 午後,Day 1: Afternoon
１日目 夜,Day 1: Night
１日目 夜遅く,Day 1: Late Night
２日目 朝早く,Day 2: Early Morning
２日目 夕方,Day 2: Evening
？日目 ?????????,Day ?: ?????????
snip snap shout,snip snap shout
洗いたての羽,Freshly Washed Feathers
天界の午後,An Afternoon in the Heavens
なにもない日,A Day of Nothing
天使たちのあくび,Angels Yawning
ごくささやかなミサ,A Very Modest Mass
イヴ,Eve
キャロル,Carol
ぼくたちはごみのように美しく,We Are Beautiful Like Garbage
クリームパフェ、ノットミルク,"Cream Parfait, not Milk"
いつものプリン,Everyday Pudding
挑戦,Challenge
ならんだケーキ,A Rivalling Cake
すきなもの,Something You Like
わたしたちになる,Become Us
わたしたちにならない,Won't Become Us
ハーモニー,Harmony
蠢,squirming
そうだよ,that's right
が／を,looking/looked at
そうなの,is that right?
そうだね,"yes, that's right"
なんなんだよ今度は,What in the world's going on this time
押し入れ・THE・WORLD,Closet・THE・WORLD
返す,Returning
星から来たヤツ,The one that came from the stars
うらない（NOTFORSALE！）,Fortune telling (NOT FOR SALE!)
とびぐるま,Flying car
返る,Go back
各自決行されたし,And they did what they each decided on
ずっと焦がれていたんだって,Consumed by admiration all this time
太陽・観測,Sun・Gazing
ひとり長考,Lost in thoughts alone
溺れていくみたい,It's as if I'm drowning
泥濘から這い上がらせてよ,Let me drag myself out
　こがれ,　spire
これは誰も知らなくていい,No one else needs to know
綺羅星,Twinkling star
あちらのゆかり、こちらの縁,"Yukari over there, human bond over here"
おふざけ乙女シアター！,Goofball Maiden Theater!
ギラギラ★ガツガツ,Hungry ★ Greedy
大人げ,Maturity 
こんな、じゃなかったのに,This isn't how it's supposed to be
事実と正解とその先のこと,"Facts, interpretations, and beyond"
綺羅星たち,Twinkling stars
エンカウント,Enemy Encounter
ある提案,A Proposal
お日様と異物,The Sun and the Corpse
ギャップ,Gap
無意味なこと,Something Meaningless
秘密のドア,A Secret Door
足の向く先,The Direction You're Facing
無限遠より,To Infinity and Beyond
満ちていた,Waxed
満ちている,Waxing
陰る,Shrouded
欠ける,Waning
雲間から,From the Cracks in the Clouds
照らされて,Illuminated
再び、満ちる,"Waxing, Once Again"
自ら、満たす,"Waxing, On My Own"
良い予感と悪い予感,Good & Bad Premonitions
トラブル勃発！？,Trouble Arises?!
始まる偶然,始まる偶然
ふたつの戦い,ふたつの戦い
ミッション開始！,ミッション開始！
アンダーカバー・アンサンブル！,アンダーカバー・アンサンブル！
小さな一歩,小さな一歩
最終ミッションは？,最終ミッションは？
限りある日常,A finite daily life 
訪問者,A visitor
最後に,At the end
見つかった言葉,Found words
見つからない言葉,Missing words
そういうの,That
見つけられた言葉,Words found
始まり（終わり）の切れ端,Snippet of the beginning (end)
私を撃ち抜いたもの,The one that struck a chord in me
コメント、ありがと,Thanks for the Comments
なう、ろーでぃんぐ,Now Loading
初配信！,First Stream!
高評価？低評価？,High Ratings? Low Ratings?
り、ろーでぃんぐ,Reloading
集まるピース,The Joining Piece
C！C！,C! C!
これがアルストロメリア！,This is Alstroemeria!
冬が灯る先,Where Winter Lights Up
素敵なクリスマス,A Wonderful Christmas
これまでならきっと知らなかった,I Wouldn't Have Known up to Now
当たり前とローラー,The Obvious and the Roller
触れて戻って,Touch and Return
踏ん切り,Determination
その裏で,Behind That
転んでも汚れても,Even If I Fall and Get Dirty
線が描くもの,What Lines Draw
発信))),Send)))
赤と水色,Red and azure
紫と黄色,Purple and yellow
ぼくらは海のまんなかで,We're in the middle of the sea
水面に立つ,Standing on the water surface
みえないけど、ある,"Even though it's not visible, it's there"
鏡像,Reflect image
(((受信,(((Receive
はじまり,Beginning
千のものがたり,A Thousand Stories
花のものがたり,A Flower Story
つまずき,Setback
であい,Meeting
こくはく,Confession
甘いものがたり,A Sweet Story
また、はじまり,A New Beginning
恋鐘と甘奈,Kogane and Amana
真乃と果穂,Mano and Kaho
正直者の頭に神宿る,God Dwells On An Honest Person's Head
ドキドキはぁとふる,My Pounding Heart
非日常のお誘い,Extraordinary Invitation
スーパーアイドル登場！？,A Super-Idol Appeared!?
プロデューサーじゃない！,Not a Producer!
クライマックスは絶体絶命！？,Climax in a Terrible Situation!?
運命のイタズラ……？,Fate of Mischief...?
シャイニーの日　特別コミュ,Shiny Day Special Commu
櫻木 真乃,Mano Sakuragi
風野 灯織,Hiori Kazano
八宮 めぐる,Meguru Hachimiya
月岡 恋鐘,Kogane Tsukioka
田中 摩美々,Mamimi Tanaka
白瀬 咲耶,Sakuya Shirase
三峰 結華,Yuika Mitsumine
幽谷 霧子,Kiriko Yukoku
小宮 果穂,Kaho Komiya
園田 智代子,Chiyoko Sonoda
西城 樹里,Juri Saijo
杜野 凛世,Rinze Morino
有栖川 夏葉,Natsuha Arisugawa
大崎 甘奈,Amana Osaki
大崎 甜花,Tenka Osaki
桑山 千雪,Chiyuki Kuwayama
芹沢 あさひ,Asahi Serizawa
黛 冬優子,Fuyuko Mayuzumi
和泉 愛依,Mei Izumi
イルミネーションスターズ,illumination STARS
アンティーカ,L'Antica
放課後クライマックスガールズ,Hokago Climax Girls
アルストロメリア,Alstroemeria
ストレイライト,Straylight
天井社長,President Amai
七草 はづき,Hazuki Nanakusa
アイドルからの手紙,Letter from Idol
『A』より愛を込めて,"With Love from ""A"""
トリック・オア・トリート！,Trick or Treat!
シャイニーの日 2019 特別コミュ,Shiny Day 2019 Special Commu
シャイニーの日 2020 特別コミュ,Shiny Day 2020 Special Commu
シャイニーの日 2021 特別コミュ,Shiny Day 2021 Special Commu
シャイニーの日 2022 特別コミュ,Shiny Day 2022 Special Commu
シャイニーの日 2023 特別コミュ,Shiny Day 2023 Special Commu
シャイニーの日 2024 特別コミュ,Shiny Day 2024 Special Commu
シャイニーの日 2025 特別コミュ,Shiny Day 2025 Special Commu
Morning①,Morning ①
Morning②,Morning ②
Morning③,Morning ③
Morning④,Morning ④
Morning⑤,Morning ⑤
Morning⑥,Morning ⑥
Morning⑦,Morning ⑦
Morning⑧,Morning ⑧
Morning⑨,Morning ⑨
Morning⑩,Morning ⑩
Morning⑪,Morning ⑪
Morning⑫,Morning ⑫
Morning⑬,Morning ⑬
Morning⑭,Morning ⑭
Morning⑮,Morning ⑮
オーディション前①,Before Audition ①
オーディション前②,Before Audition ②
オーディション前③,Before Audition ③
オーディション前④,Before Audition ④
オーディション前⑤,Before Audition ⑤
オーディション前⑥,Before Audition ⑥
オーディション後①,After Audition ①
オーディション後③,After Audition ③
オーディション後②,After Audition ②
オーディション後④,After Audition ④
準決勝前コミュ,Before Semi-Finals
敗退コミュ,Failure
準決勝後コミュ,After Semi-Finals
決勝前コミュ,Before Finals
決勝後コミュ,After Finals
シーズン1（クリア）,Season 1 (Pass)
シーズン1（失敗）,Season 1 (Fail)
シーズン2（クリア）,Season 2 (Pass)
シーズン2（失敗）,Season 2 (Fail)
シーズン3（クリア）,Season 3 (Pass)
シーズン3（失敗）,Season 3 (Fail)
シーズン4（クリア）,Season 4 (Pass)
シーズン4（失敗）,Season 4 (Fail)
TV出演後コミュ①,Post-TV Appearance ①
TV出演後コミュ②,Post-TV Appearance ②
オーディション後 勝利①,Audition Win ①
オーディション後 勝利②,Audition Win ②
オーディション後 敗北①,Audition Fail ①
オーディション後 敗北②,Audition Fail ②
感謝祭本番前（ユニット）,Before Fan Fest (Unit)
感謝祭本番後（通常）,After Fan Fest (Normal)
感謝祭本番後（MVP）,After Fan Fest (MVP)
リハーサル前,Before Rehearsal
リハーサル後,After Rehearsal
感謝祭本番前,Before Fan Fest
始まり、もう一度,"Beginning, Once More"
『頑張りたい』,I Want to Aim Higher
空が赤いから,Because the Sky is Red
雲なんて吹き飛ばして,Blow Those Clouds Away
星たちは駆けて輝く,Stars Running Radiantly
何度だって最高の晴れにしよう,"Clear the Sky, Over and Over"
ミユア・ノ・レゾレソ,SHTAP TNEREFFID
デイナ・シイ・パンシ,YRROW T'NOD
モテク・ナ・デココ,EREH T'NSI TI FI NEVE
ヤケン・イウトヨ,"IF YA NEED HELP, JUST HOLLER"
ねえ、アンティーカ,"Hey, L'Antica"
──うん、アンティーカ,"──That's right, L'Antica."
お疲れ様です,Thanks
ただいま,I'm Back
おかえりなさい,Welcome Home
（また明日）,(See You Tomorrow)
いただきます　ごちそうさま,"Let's eat, and thank you for the meal"
──いってきます！,I'm Off!
ワンス・アポン・ア・タイム,Once Upon A Time
ハッピーエンドの先だとしたら,If My Happy End Has Passed
知りせば覚めざらましを,"Had I Known, I Would Not Have Awoken"
ビビ・バビ・ピンヒール,Vivid Stiletto Heels
いつまでも、いつまでも,Forever and ever
花よ、時よ、そのまにまに,At the Mercy of Flowers and Time
The story so far,"The story, so far"
One step,One step
Farce,Farce
error code:017,error code:017
Shall we dance?,Shall we dance?
（not?）Stray light,(Not?) Stray light
4ピーエム・スナック,4PM Snack
未達,Unachieved
希望,Hope
願望,Desire
未完,Incomplete
ライク・ザ・シー,Like The Sea
聞こえるんですよ,I can hear it
ヴォイセズ,Voices
感謝,Gratitude
空の奥の音,The sound from the depth of the sky
コンコルディア,Concordia
きらきらしてて,Shining
何をやっても,何をやっても
壊れかけの,壊れかけの
くすぶる午後,くすぶる午後
わたしが見たいもの,わたしが見たいもの
不釣り合でも,不釣り合でも
変わる景色,変わる景色
G.R.A.D.敗退コミュ①,G.R.A.D. Fail ①
G.R.A.D.敗退コミュ②前,G.R.A.D. Fail ② Before
G.R.A.D.敗退コミュ②後,G.R.A.D. Fail ② After
予選前コミュ,Before Preliminary
予選後コミュ　勝利,After Preliminary Win
予選後コミュ　敗北,After Preliminary Fail
敗者復活前コミュ,Before Repechage
敗者復活後コミュ　勝利,After Repechage Win
敗者復活後コミュ　敗北,After Repechage Fail
決勝後コミュ　勝利,After Finals Win
決勝後コミュ　敗北①,After Finals Fail ①
決勝後コミュ　敗北②,After Finals Fail ②
1曲目前コミュ《ユニット限定》,Before 1st Song (Unit Specific)
1曲目前コミュ《ユニット》,Before 1st Song (Unit)
2曲目前コミュ《ユニット限定》,Before 2nd Song (Unit Specific)
3曲目前コミュ《ユニット限定》,Before 3rd Song (Unit Specific)
ライブ後コミュ《ユニット》,After the Live (Unit)
ライブ1曲目前コミュ《個人》,Before 1st Song (Individual)
ライブ2曲目前コミュ《個人》,Before 2nd Song (Individual)
ライブ3曲目前コミュ《個人》,Before 3rd Song (Individual)
ライブ後コミュ《個人》　大成功,After the Live (Individual) Great Success
ライブ後コミュ《個人》　成功,After the Live (Individual) Success
二歩離れてお節介,二歩離れてお節介
ギブあんどthink,ギブあんどthink
moonlit,moonlit
一歩、まえ,一歩、まえ
きゅ　きゅ,きゅ　きゅ
あの時何にあったの?,あの時何にあったの?
偶然で偶然で偶然だから必然,偶然で偶然で偶然だから必然
アタシたち談義,アタシたち談義
わるい時間・ 番外編,わるい時間・ 番外編
彼女を知り私を知れば,彼女を知り私を知れば
1％の交点,A 1% Collision
ふわふわとあったかい,Soft and Warm
千雪さんと羽那ちゃん,Chiyuki-san and Hana-chan
風、走走,風、走走
deja vu,deja vu
波音のすきま,波音のすきま
そう、間こえたから,そう、間こえたから
公園の歌声,Singing in the Park
自信のありか,In Search of Confidence
ありのままで,Be Yourself
頑張りすぎ,Trying Too Hard
自分を信じて,Trust Yourself
あんをつつむあったかい気持ち,あんをつつむあったかい気持ち
未来へ羽ばたく,Spread Your Wings to the Future
これからも飛んでいきたい,I Want to Fly Forevermore
きらめきを詰めてすすむしっぽ,きらめきを詰めてすすむしっぽ
降りつもる羽のように,"Like feathers, piling up"
迷って、欲しがって,Doubts and desires
不思議の夜の森,A mysterious night in the forest
暗がりから、つかんで,Seize from darkness
鮮やかに茜さす,Under a brilliant red glow
降りそそぐ羽のように,"Like feathers, pouring down"
凪,Lull
ふつ、ふつ,Boiling... Over
空へ向かうための風がまだ、,Still no Wind to Soar On
羽ばたいて、飛べなくて、その次,"Flapping its Wings, Unable to Fly"
その風をつかまえたいと思ったの,I Thought You Wanted to Catch that Gale
大空を少しずつ、自由に,"Little by Little, Freely into the Sky"
【’19Xmas】ハンドクリーム,[19Xmas] Hand Cream
【’19Xmas】ケーキ,[19Xmas] Cake
【’19Xmas】イルミネーション,[19Xmas] illumination
【’19Xmas】真乃・ブランケット,[19Xmas] Mano's Blanket
【櫻木 真乃】2020バレンタインデー,[Mano] 2020 Valentine's Day
【’25VD】真乃・ホットチョコレートボム,['25VD] Mano's Hot Chocolate Bomb
【'25VD】櫻木真乃とのひととき,['25VD] A Moment with Mano
キャラメル,Caramel
真乃へのプレゼント・キャラメル,Gift for Mano ・Caramel
真乃へのプレゼント・キャラメル＋♥,Gift for Mano ・Caramel＋♥
生どら焼き,Fresh Dorayaki
真乃へのプレゼント・生どら焼き,Gift for Mano ・Fresh Dorayaki
真乃へのプレゼント・生どら焼き＋♥,Gift for Mano ・Fresh Dorayaki＋♥
チーズケーキ,Cheesecake
真乃へのプレゼント・チーズケーキ,Gift for Mano ・Cheesecake
真乃へのプレゼント・チーズケーキ＋♥,Gift for Mano ・Cheesecake＋♥
ラスク,Rusk
真乃へのプレゼント・ラスク,Gift for Mano ・Rusk
真乃へのプレゼント・ラスク＋♥,Gift for Mano ・Rusk＋♥
ホットチョコレートレートとサブレ,Hot Chocolate and Butter Cookies
真乃へのプレゼント・ホットチョコレートとサブレ,Gift for Mano ・Hot Chocolate and Butter Cookies
真乃へのプレゼント・ホットチョコレートとサブレ＋♥,Gift for Mano ・Hot Chocolate and Butter Cookies＋♥
ピーちゃんのラテアート,Latte Art of Pii-chan
真乃へのプレゼント・ピーちゃんのラテアート,Gift for Mano ・Latte Art of Pii-chan
真乃へのプレゼント・ピーちゃんのラテアート＋♥,Gift for Mano ・Latte Art of Pii-chan＋♥
【ほわっとスマイル】私服,【Gentle Smile】Regular Outfit
【ほわっとスマイル】ライブ,【Gentle Smile】Live Outfit
【ほわっとスマイル】私服 ★1特訓,【Gentle Smile】Regular Outfit 1★
【ほわっとスマイル】ライブ ★1特訓,【Gentle Smile】Live Outfit 1★
ほわほわアイドル,The Dreamy Idol
真乃ならできる,"You can do it, Mano"
成長の証,Sign of Growth
いつかの気持ち,Feelings of Someday
ずっと続く夢の先へ,Beyond the Never-Ending Dream
【はじけてスマイル】私服,【Bursting Smile】Regular Outfit
【はじけてスマイル】ライブ,【Bursting Smile】Live Outfit
【はじけてスマイル】私服 ★1特訓,【Bursting Smile】Regular Outfit 1★
【はじけてスマイル】ライブ ★1特訓,【Bursting Smile】Live Outfit 1★
緑色が運ぶ、夏の,"Green Brings, Summer"
狙う、その間の,"Meanwhile, Aim"
交す、ことばの,"Exchange, of Words"
涼やかな、夏の,"Refreshing, Summer"
気遣い、一粒,"A Drop of, Worry"
【ソラを跳ね】私服,【Splash into the Sky】Regular Outfit
【ソラを跳ね】ライブ,【Splash into the Sky】Live Outfit
【ソラを跳ね】私服 ★1特訓,【Splash into the Sky】Regular Outfit 1★
【ソラを跳ね】ライブ ★1特訓,【Splash into the Sky】Live Outfit 1★
ささやかな,Unremarkable
あめのひ,On a rainy day
そらをおよぐ鳥,The bird that swims the sky
ゆっくりでいい。そうきみにも,At our own pace. You and me both
たとえ何光年離れていたとしても,No matter how many light-years away
【はるかなる】私服,【Into the Distance】Regular Outfit
【はるかなる】ライブ,【Into the Distance】Live Outfit
【はるかなる】私服 ★1特訓,【Into the Distance】Regular Outfit 1★
【はるかなる】ライブ ★1特訓,【Into the Distance】Live Outfit 1★
こうして生まれる,Born this way
私の２８３,My 283
心、はためく,"Heart, fluttering"
私たち次第,Depends on Us
誰のこと？,Regarding Who?
公園と約束,Promise at the Park
おそろいの気持ち,Matching Feelings
ふたりの好きなもの,ふたりの好きなもの
みんなとお仕事！,Work with Everyone!
私たちのお仕事,Our Work
夏と言えば……,If we're talking about summer...
サマータイム！,Summer time!
色褪せないもの,Unfading
プールインサイド,In the Pool
ほんの少しのアドベンチャー,Just a little Adventure
ハッピーアイスクリーム,Happy Ice Cream
冬のとおり道,Along winter's path
一緒に行けたなら,If we could go together
きっと、なによりも輝いて,"Brighter than any other, for sure"
クールで真面目な女の子,Cool and serious girl
とっておきのおまじない,Treasured superstition
アイドル失格,Unfit to be an idol
少しずつ進みたい,Advancing little by little
ファンのため、自分のため,"For my fans, for myself"
言ってませんでしたけど,言ってませんでしたけど
諦められない夢,諦められない夢
夢の続きはどこまでも,夢の続きはどこまでも
わかってますから,わかってますから
ひとりでよ（くはな）かった,I'm (not) glad to be alone
その明かりがすべてを変える,That light changes everything
ふたりの違い,The difference between the two
風野灯織になるまで,To become Hiori Kazano
千里の道も一歩から,A journey of a thousand miles begins with a single step
今は、３人,"Right now, it's us three"
【’19Xmas】占いの本,[19Xmas] Fortune-Telling Book
【’19Xmas】旅のガイドブック,[19Xmas] Travel Guidebook
【’19Xmas】星空の写真集,[19Xmas] Starry Sky Photobook
【’19Xmas】灯織・ヒーリングCD,[19Xmas] Hiori's Music CD
【風野 灯織】2020バレンタインデー,[Hiori] 2020 Valentine's Day
【’25VD】灯織・ボンボンチョコラ,['25VD] Hiori's Bonbon Chocolates
【'25VD】風野灯織とのひととき,['25VD] A Moment with Hiori
ケーキ,Cake
灯織へのプレゼント・ケーキ,Gift for Hiori・Cake
灯織へのプレゼント・ケーキ＋♥,Gift for Hiori・Cake＋♥
ジンジャーシロップ,Ginger Syrup
灯織へのプレゼント・ジンジャーシロップ,Gift for Hiori・Ginger Syrup
灯織へのプレゼント・ジンジャーシロップ＋♥,Gift for Hiori・Ginger Syrup＋♥
チョコレート,Chocolate
灯織へのプレゼント・チョコレート,Gift for Hiori・Chocolate
灯織へのプレゼント・チョコレート＋♥,Gift for Hiori・Chocolate＋♥
みかん大福,Mandarin Daifuku
灯織へのプレゼント・みかん大福,Gift for Hiori・Mandarin Daifuku
灯織へのプレゼント・みかん大福＋♥,Gift for Hiori・Mandarin Daifuku＋♥
冷凍チーズケーキ,Frozen Cheesecake
灯織へのプレゼント・冷凍チーズケーキ,Gift for Hiori・Frozen Cheesecake
灯織へのプレゼント・冷凍チーズケーキ＋♥,Gift for Hiori・Frozen Cheesecake＋♥
紅茶のクッキー,Tea Cookies
灯織へのプレゼント・紅茶のクッキー,Gift for Hiori・Tea Cookies
灯織へのプレゼント・紅茶のクッキー＋♥,Gift for Hiori・Tea Cookies＋♥
徹底した姿勢,Consistent approach
バランスに気を付けて,Mindful of balance
逆転する立場,Viewpoint reversal
足下にご用心,Watching your step
暖かさと……心の距離と……,Warmth and... the distance between hearts...
思い描くのは……？,What are you picturing...?
見えていますか,Can you see
落　ち　　　る,D   r    o    p
そして標となる,Finally become proof
どちらでもない,Neither one
どちらも,Maybe both
,
,
,
,
君のことを教えてほしい,I want to know about you
支えていきたい,I want to support you
幸福に満ちる,Full of happiness
かつて夢見た眩しい姿,The dazzling image I dreamed of
歩む先には理想の自分,My ideal self before me
備えあれば……？,If you're prepared...?
『楽しむ』ということ,The thing called 'enjoyment'
ご褒美はリポートの後で,The reward after the report
無邪気な結晶,Innocent crystallization
心のアルバムの隣に,Adjoining the heart's album
真乃と過ごす休日,A Day-Off Spent with Mano
もっと仲良くなりたいっ,I Want to Get Along Even Better
困難だって超えられる,Overcoming Hardships
めぐるのダンス教室,Meguru's Dance Lessons
にぎやかな日常,Lively Days
精一杯楽しむために,To enjoy as much as possible
忍耐と結果と,With perseverance and fruition
ひと時のおやすみ,Restful moment
夢見る少女のように,Like a dreaming girl
鐘が鳴るその時までは……,Until the bell tolls...
【実況】RPGのススメ Part.14,[Let's play] RPG Rally pt.14
振り返ればほら、,"Look back and you'll see,"
取りたい満点,The Perfect Score I Want
Q&A・トレイン ,Q&A Train
ミルクティーの体温,Warmth of Milk Tea
イルミネ間取引,Illumine to Illumine
オン,On
輝きはめまぐるしく,輝きはめまぐるしく
アイドルとして,As an Idol
無限に広がる未来への,無限に広がる未来への
大切、選べないから。,大切、選べないから。
これがわたしだから,これがわたしだから
『きんいろ』の,『きんいろ』の
後ろは振り向かない,後ろは振り向かない
たくさんの応援を力に変えて,たくさんの応援を力に変えて
『ほんとう』の,『ほんとう』の
【’19Xmas】フェイスタオル,[19Xmas] Face Towel
【’19Xmas】はちみつアソートセット,[19Xmas] Assorted Honey Set
【’19Xmas】パイントアイス,[19Xmas] Pint of Ice Cream
【’19Xmas】めぐる・ネクタイピン,[19Xmas] Meguru's Tie Pin
【八宮 めぐる】2020バレンタインデー,[Meguru] 2020 Valentine's Day
【’25VD】めぐる・チョコがけポップコーン,['25VD] Meguru's Chocolate-coated Popcorn
【'25VD】八宮めぐるとのひととき,['25VD] A Moment with Meguru
こんぺいとう,Konpeito
めぐるへのプレゼント・こんぺいとう,Gift for Meguru・Konpeito
めぐるへのプレゼント・こんぺいとう＋♥,Gift for Meguru・Konpeito＋♥
花のサブスクチケット,Flower Subscription Ticket
めぐるへのプレゼント・花のサブスクチケット,Gift for Meguru・Flower Subscription Ticket
めぐるへのプレゼント・花のサブスクチケット＋♥,Gift for Meguru・Flower Subscription Ticket＋♥
一緒にお茶,Tea Together
めぐるへのプレゼント・一緒にお茶,Gift for Meguru・Tea Together
めぐるへのプレゼント・一緒にお茶＋♥,Gift for Meguru・Tea Together＋♥
ポップコーン,Popcorn
めぐるへのプレゼント・ポップコーン,Gift for Meguru・Popcorn
めぐるへのプレゼント・ポップコーン＋♥,Gift for Meguru・Popcorn＋♥
クッキーアソート,Cookie Assortment
めぐるへのプレゼント・クッキーアソート,Gift for Meguru・Cookie Assortment
めぐるへのプレゼント・クッキーアソート＋♥,Gift for Meguru・Cookie Assortment＋♥
ネイルオイル,Nail Oil
めぐるへのプレゼント・ネイルオイル,Gift for Meguru・Nail Oil
めぐるへのプレゼント・ネイルオイル＋♥,Gift for Meguru・Nail Oil＋♥
リミットは日が沈むまで,The sunset is the limit
唇に、透明な歌,"On the lips, a transparent song"
ON:消失のクライシス,ON: Crisis of Disappearance
OFF:その甘さは時をかける,OFF: The Sweetness Takes Time
YOU:おやすみと星が瞬くように,YOU: Goodnight and Twinkling Stars
異邦の青、浮遊する,"Foreign Blue, Drifting"
同調の水、されど,"Sympathetic Water, Even So"
無重力のウテナ,Weightless Utena
めぐる、大活躍！,"Meguru, Spectacular Showing!"
止まらない着信音,Neverending Ringtone
仲直りの仕方,How to Reconcile
本当の自分と特別な人,True Self and a Special Person
きみのための翼,For Your Wings
ピーちゃんともお友達,Pii-chan and Friends
押してダメなら引いてみろ！,"If Pushing doesn't work, Pull!"
お友達になる方法,How To Befriend
似た者同士と花吹雪,The Pair and Flowers
春風フレンドシップ,Spring Breeze Friendship
パリッとしたい,I Want to Crisp Up
次の春を星たちと待つ,Wait for Next Spring With the Stars
空想トリップ,Fantasy Trip
憧憬プランニング,Wishful Planning
星空ステージ,Starry Stage
夢想スターダム,Dreamy Stardom
長崎生まれの無敵ガール,Unbeatable Nagasaki Girl
うちならできるたい！,I'm sayin' I can do it!
ひとりのステージ,Solo Stage
めげないハート,Unbending Heart
一歩先へ,One Step Ahead
ろまん、ど～ぞ♡,Have Some Romance♡
負けん,Ain't Gonna Lose
うちばい、月岡恋鐘ばい～！,"It's Me, Kogane Tsukioka～!"
宇宙、ど～ぞ♡,Have The Universe♡
283プロの無敵ガール,283Pro's Invincible Girl
うちなら平気ばい!,I'll be alright!
ひとりのオーディション,Solo Audition
みえないルート,The Unseen Path
もう一歩先へ,One Step Further
月岡恋鐘　(L'Antica),Kogane Tsukioka (L'Antica)
つきおか食堂の無敵ガール,Unbeatable Girl of Tsukioka's
お父ちゃん,Pa
ガラス玉と色褪せたポスター,Glass Beads and Faded Posters
船の着く、船の出る,"Ships Arrive, Ships Depart"
そいは、ばりすごかこと,That's Plenty Incredible
恋の岬に鐘が鳴る,Bells Ring on the Cape of Love
【’19Xmas】お菓子の入ったサンタブーツ,[19Xmas] Santa Boots Filled With Sweets
【’19Xmas】マグカップ,[19Xmas] Mug
【’19Xmas】恋鐘・マフラー,[19Xmas] Kogane's Scarf
【月岡 恋鐘】2020バレンタインデー,[Kogane] 2020 Valentine's Day
【’25VD】恋鐘・チョコがけいちご,['25VD] Kogane's Chocolate-coated Strawberries
【'25VD】月岡恋鐘とのひととき,['25VD] A Moment with Kogane
キャラメル,Caramel
恋鐘へのプレゼント・キャラメル,Gift for Kogane・Caramel
恋鐘へのプレゼント・キャラメル＋♥,Gift for Kogane・Caramel＋♥
長崎豚角煮まん,Nagasaki Pork Bun
恋鐘へのプレゼント・長崎豚角煮まん,Gift for Kogane・Nagasaki Pork Bun
恋鐘へのプレゼント・長崎豚角煮まん＋♥,Gift for Kogane・Nagasaki Pork Bun＋♥
スミレの砂糖漬け,Candied Violets
恋鐘へのプレゼント・スミレの砂糖漬け,Gift for Kogane・Candied Violets
恋鐘へのプレゼント・スミレの砂糖漬け＋♥,Gift for Kogane・Candied Violets＋♥
チョコレートボックス,Box of Chocolates
恋鐘へのプレゼント・チョコレートボックス,Gift for Kogane・Box of Chocolates
恋鐘へのプレゼント・チョコレートボックス＋♥,Gift for Kogane・Box of Chocolates＋♥
フルーツチップス,Fruit Chips
恋鐘へのプレゼント・フルーツチップス,Gift for Kogane・Fruit Chips
恋鐘へのプレゼント・フルーツチップス＋♥,Gift for Kogane・Fruit Chips＋♥
マカロン,Macaron
恋鐘へのプレゼント・マカロン,Gift for Kogane・Macaron
恋鐘へのプレゼント・マカロン＋♥,Gift for Kogane・Macaron＋♥
うちんすごか腕前,My Amazin' Skill
長崎よかとこ,Nagasaki's Great!
いつか帰る日,Someday I'll Return
Dまいなぁ～せぶん、の感じ～,Feels like D Minor～ Seven～
Gで～Aで～D～！！！,G→A→D！！！
『君』のところまで,"Until I Reach ""You"""
たどりつくところ,My destination
＿＿＿のところまで,Until I Reach ____
就任！　観光大使,Appointed! Tourism Ambassador
──を衣て故郷に帰る,──Returning Home in These Clothes
宇宙一のばりすごかアイドル,The Most Amazin' Idol in the Universe
止マレ～！,Stop～！
ススメ～！,Go～！
こいバラ、一輪,This single rose
す～って、5月,Breathing in May〜
猫のいない猫カフェ,A Catless Cat Café
スタジオ猫まみれ,A Studio Covered in Cats
猫とこたつとうちの気持ち,"A Cat, a Kotatsu, n' My Feelings"
My hidden heart,My hidden heart
満ち欠けマイペース,Waxing and Waning my pace
あまのじゃく,あまのじゃく
私に足りないもの,What I lack
たぶん大切だから,たぶん大切だから
暑苦しいヒト,That overenthusiastic person
その瞳が目指す場所,その瞳が目指す場所
My real heart,My real heart
まだまだ・モア,Always more
【’19Xmas】入浴剤,[19Xmas] Bath Salts
【’19Xmas】本,[19Xmas] Book
【’19Xmas】ボディクリーム,[19Xmas] Body Cream
【’19Xmas】摩美々・プリン,[19Xmas] Mamimi's Pudding
【田中 摩美々】2020バレンタインデー,[Mamimi] 2020 Valentine's Day
【’25VD】摩美々・昧のないガム,['25VD] Mamimi's Flavourless Gum
【'25VD】田中摩美々とのひととき,['25VD] A Moment with Mamimi
バスボム,Bath Bomb
摩美々へのプレゼント・バスボム,Gift for Mamimi・Bath Bomb
摩美々へのプレゼント・バスボム＋♥,Gift for Mamimi・Bath Bomb＋♥
タオル,Towel
摩美々へのプレゼント・タオル,Gift for Mamimi・Towel
摩美々へのプレゼント・タオル＋♥,Gift for Mamimi・Towel＋♥
キャンドル,Candles
摩美々へのプレゼント・キャンドル,Gift for Mamimi・Candles
摩美々へのプレゼント・キャンドル＋♥,Gift for Mamimi・Candles＋♥
フラワーギフト,Flower Gift
摩美々へのプレゼント・フラワーギフト,Gift for Mamimi・Flower Gift
摩美々へのプレゼント・フラワーギフト＋♥,Gift for Mamimi・Flower Gift＋♥
スペシャルチーズケーキ,Special Cheesecake
摩美々へのプレゼント・スペシャルチーズケーキ,Gift for Mamimi・Special Cheesecake
摩美々へのプレゼント・スペシャルチーズケーキ＋♥,Gift for Mamimi・Special Cheesecake＋♥
ホットアイマスク,Hot Eye Mask
摩美々へのプレゼント・ホットアイマスク,Gift for Mamimi・Hot Eye Mask
摩美々へのプレゼント・ホットアイマスク＋♥,Gift for Mamimi・Hot Eye Mask＋♥
コーディネート・チャンス,Coordination Chance
カラフル・ドール,Colorful Doll
ライク・ユー,Like You
マシ マシ,Oodles
まみみおきない,Mamimi Won't Wake Up
いざ、尋常に闇鍋,"Ready, Set, Potluck Hot Pot"
華麗なる少女,Resplendent Girl
彼女の魅力,Her charm
親愛なるファンへ,For my precious fans
努力と休養,Efforts and Rest
深まるアナタへの信頼,Faith in you rises
球体なる海に両手を広げ,球体なる海に両手を広げ
笑顔のために,笑顔のために
これからも隣で……,これからも隣で……
セントエルモの火を見上げ,セントエルモの火を見上げ
ひとりと戦うために,To Fight Alone
ただひとりの王子様,The Prince Alone
独り言,A Talk Alone
もう一人,Alone No More
独り言　あるいは会話,"A Talk Alone, a Conversation"
１と４,1 and 4
【’19Xmas】フォトフレーム,[19Xmas] Photo Frame
【’19Xmas】コーヒーカップ,[19Xmas] Coffee Mug
【’19Xmas】うさぎのぬいぐるみ,[19Xmas] Rabbit Plushie
【’19Xmas】咲耶・ネクタイ,[19Xmas] Sakuya's Necktie
【白瀬 咲耶】2020バレンタインデー,[Sakuya] 2020 Valentine's Day
【’25VD】咲耶・生キャラメル,['25VD] Sakuya's Pure Caramel
【'25VD】白瀬咲耶とのひととき,['25VD] A Moment with Sakuya
サントノーレ,St. Honoré Cake
咲耶へのプレゼント・サントノーレ,Gift for Sakuya・St. Honoré Cake
咲耶へのプレゼント・サントノーレ＋♥,Gift for Sakuya・St. Honoré Cake＋♥
ケーキと紅茶,Cake and Tea
咲耶へのプレゼント・ケーキと紅茶,Gift for Sakuya・Cake and Tea
咲耶へのプレゼント・ケーキと紅茶＋♥,Gift for Sakuya・Cake and Tea＋♥
一輪の花,A Single Flower
咲耶へのプレゼント・一輪の花,Gift for Sakuya・A Single Flower
咲耶へのプレゼント・一輪の花＋♥,Gift for Sakuya・A Single Flower＋♥
フィナンシェ,Financier Cake
咲耶へのプレゼント・フィナンシェ,Gift for Sakuya・Financier Cake
咲耶へのプレゼント・フィナンシェ＋♥,Gift for Sakuya・Financier Cake＋♥
バウムクーヘン,Baumkuchen
咲耶へのプレゼント・バウムクーヘン,Gift for Sakuya・Baumkuchen
咲耶へのプレゼント・バウムクーヘン＋♥,Gift for Sakuya・Baumkuchen＋♥
アロマワックスサシェ,Aroma Wax Sachet
咲耶へのプレゼント・アロマワックスサシェ,Gift for Sakuya・Aroma Wax Sachet
咲耶へのプレゼント・アロマワックスサシェ＋♥,Gift for Sakuya・Aroma Wax Sachet＋♥
例えばそんなパラレル・ワールド,Imagine a Parallel World
……なんて、昔話,"...Just an Old Story, That's All"
その道の先で待っている,Waiting at the End of the Road
例えばこんなパラレル・ワールド,Imagine This Parallel World
平行線上のスタッカート,Staccato Upon Parallel Lines
How do I look?,How do I look?
コウモリが飛び交う,Bats fluttering about
It’s spooky!,It's spooky!
ふと、目を細める,"Suddenly, I spy"
乙女,Young lady
光のしずくが落ちる場所,Where droplets of lights fall
そこは優しくてあたたかい場所,Where gentle warmth lies
鮮やかなる指先,Vibrant fingertips
小さな色どり,Little colors
欠けない思い出,Unwavering memories
表現の方法,The art of expression
とりとめのない幸せ,Incoherent Happiness
3ねん　しらせさくや,"sakuya shirase, 3rd year"
結果、人気の美容グッズでした,It Turned Out to be Popular Beauty Supplies
戯れハニー,Flirty Honey
天然ダーリン,Spontaneous Darling
かわいいひと,Cute Person
嚔のあいだ ,Between sneezes
いつか、すぐにも,"Someday, soon"
雨の中で光る原石,An unpolished gem shines in the rain. 
初めてはソツなく？,Flawless the first time?
ひらり、かわして,Light exchanges. 
湖の奥なんて知らなくていいのに,You don't need to know the bottom of the lake. 
ここからがスタート,We'll begin from here.
見つかったら負けという話,To be discovered is to lose. 
悔しさがあふれ出しても,Even if regrets overflow. 
覚めない夢のその先で,After the dream you don't wake up from.
そっと教えてあげましょう,Allow me to subtlely explain.
見つかったら負けという話,It's over when you're found
そっと教えてあげましょう,I'll let you in on a little secret
   の一番の宝石でありたい,I want to be the jewel _ treasure
その輝きを曇らすのは私？,Is it me who stifles my own glow?
優しい意地悪で砕けてしまいそう,Your tough love is breaking me
いつか、私も大事にするから,"Someday,  I'll see myself the way you do"
だって息をするように息が合う,Even our breaths fall naturally in sync
意地悪な感謝は知らん顔でね？,Don't get hung up on how I showed it
私の真ん中を知っている,Knowing the heart of me
どれも、そうなの,"Either way, that's how it is"
強引だよ、ばか,"Idiot, you overdid it"
背中,You got my back
ふたりで進みましょう,Let's move on together
ああ楽しい！,"Ooo, sounds like fun!"
道端の石と変わらない,Just another stone on the road
憧憧 ・脳内会議,Aspiring・Brain Conference
親近 (引いてはない、引いては) ,Closeness (Should I open up?)
根は真面目なんです,He's earnest at heart
ノックされたような気がした,It sounded like a knock on the door
【’19Xmas】プレゼント希望申請書,[19Xmas] Wish Gift Application
【’19Xmas】コンビニのケーキ,[19Xmas] Convenience Store Cake
【’19Xmas】お菓子付きのサンタのパペット,[19Xmas] Santa Puppet with Sweets
【’19Xmas】結華・クリスマスカード,[19Xmas] Yuika's Christmas Card
【三峰 結華】2020バレンタインデー,[Yuika] 2020 Valentine's Day
【’25VD】結華・コーヒービーンズチョコ,['25VD] Yuika's Chocolate Coffee Beans
【'25VD】三峰結華とのひととき,['25VD] A Moment with Yuika
ラスク,Rusk
結華へのプレゼント・ラスク,Gift for Yuika・Rusk
結華へのプレゼント・ラスク＋♥,Gift for Yuika・Rusk＋♥
手作り生チョコ,Handmade Fresh Chocolate
結華へのプレゼント・手作り生チョコ,Gift for Yuika・Handmade Fresh Chocolate
結華へのプレゼント・手作り生チョコ＋♥,Gift for Yuika・Handmade Fresh Chocolate＋♥
マカロンクッキー,Macaron Cookie
結華へのプレゼント・マカロンクッキー,Gift for Yuika・Macaron Cookie
結華へのプレゼント・マカロンクッキー＋♥,Gift for Yuika・Macaron Cookie＋♥
マフィン,Muffin
結華へのプレゼント・マフィン,Gift for Yuika・Muffin
結華へのプレゼント・マフィン＋♥,Gift for Yuika・Muffin＋♥
結華の好きなスイーツ,Yuika's Favorite Sweets
結華へのプレゼント・結華の好きなスイーツ,Gift for Yuika・Yuika's Favorite Sweets
結華へのプレゼント・結華の好きなスイーツ＋♥,Gift for Yuika・Yuika's Favorite Sweets＋♥
カヌレ,Canelé
結華へのプレゼント・カヌレ,Gift for Yuika・Canelé
結華へのプレゼント・カヌレ＋♥,Gift for Yuika・Canelé＋♥
七色メガネ,Rainbow glasses
隠したものに触れる人,The person who brings up what I hide
あの日、幸せが約束されたの,Happiness was promised on that day
はなまる飴模様,Hanamaru Candy Pattern
いつもより高く傘を持って,Holding the umbrella higher than usual
てるてる坊主がくるりと回る,The teru teru bozu twirls around
ねぇ、あなただけが知っていて,"Hey, you're the only one who knows"
The Q of ♡ はなぜここに？,Why is the Q of ♡ here?
水と器,Water and Vessel
ペルソナなんて笑っちゃう,This persona cracks me up
雨、リバイバル,Revival Rain
眩むほど,The extent of our daze
――くん。……ううん、――さん,"──kun. No, wait... ──san"
うたかたに潜る,Ephemeral glow beneath the depths
耳元で囁いてやればよかった,I should have whispered it in his ear
眩んでも,Even if it blinds us
よくある　ちょっと頑張った日,One of those days I push myself a bit harder
（空が）泣くなら,If (sk)I(es) were crying
私が歌い踊る限り,As long as I keep singing and dancing
暗闇は、目を開ける前のときめき,Darkness is the thrill before the eyes open
画面越しならゼロ距離,Zero distance through the screen
うらがえし,Switch It Up
走れば済むなら頑張りたいから,"If you can race, then finish in 1st Place"
ふたりだけの合図は、まだ,Without A Sign For Us Two
だから耳元で囁いたの,It's why I whispered it in his ear
交わる一方通行,Intersecting One-way Streets
ひらひらノスタルジー,Fluttering Nostalgia
多面リバース,Multi-facet Reverse
しあわせになれたら,If only I could stay happy
幸運が当たり前な幸運,Blessed without a doubt
先の話②,Plans for the future ②
♡コール,♡ Call
キズナニフレル,Touching the ties that bind
夢のようなうつつ,Like a lucid dream
概念 ,Concept
切らないって知ってるの,I know you won't cut me off
傘を持つ人,The one who holds the umbrella
傘よりこっち側,From the umbrella's side
傘の向こうへ向かう術,The way of going beyond the umbrella
今夜、幸せを約束して,"Tonight, promise me happiness"
私の薬指に指輪がはまる時,The moment when the ring fits my finger
自慢の担当アイドル,Your pride and joy idol
手に入れましょう、全部,"Take it all, every last one"
≠嘘 ≠本当,≠ lie ≠ truth
同室ABC,Sharing a single room ABC
翻弄上等,Class-A Emotional Play
夜酔いアクシデント,Drunken Night Accident
気にしすぎ,Overthinking
悔しいの割合のが高いかも,More frustrated than I realize
やりがいのある仕事,A rewarding job
ライトの向こう,Behind stage lights
それでも私は,"Even still, I am..."
大好きな人,My bestie
大好きな人の大好きな人,My bestie's bestie
自然体で、ただいま,"""I'm home"", as my natural self"
おかえりの前の秘密,"A secret before saying ""welcome home"""
今日はおやすみ、気にしいの私,"""Good night"" for today, to me, the worrywart"
深夜小旅行,Late Night Outing
星空天井バス,Bus Ride Under Starry Skies
帰路,Return Trip
焦,Set Ablazed
できるようになったこと,Things I'm able to do
まだ全部はできないこと,Things I can't do just yet
うぬぼれ交点,Self-absorbed connection
一目惚れは終点,A dazzling light ends its journey
すれ違って光と何かへ,"Towards the unknown, a light passes by"
包帯の女の子,Bandaged Girl
みえない献身,Unseen Goodwill
優しい失敗,A Gentle Misstep
マイステージ,My Stage
わたしのしるし,My Sign
おいのり,Prayer
誰か,Someone
あの日,That Day
ふねがでます,Sailing Away
ねずみさんととりさん,The Mouse and the Bird
ごうごうひびく,Roaring Echo
パン,Bread
相談,Consultation
お日さま,Mr. Sun
ふかふかでほかほかしたもの,Something Fluffy and Warm
きりちゃん,Kiri-chan
お勉強,Studying
霧子,Kiriko
アンティーカを知ってる,I know L'Antica
それはなあに,What is that?
心があるところ,Where the heart is
【’19Xmas】ポインセチア,[19Xmas] Poinsettia
【’19Xmas】赤と緑のシート,[19Xmas] Red and Green Sheets
【’19Xmas】折り紙の時計,[19Xmas] Origami Watch
【’19Xmas】霧子・アロマキャンドル,[19Xmas] Kiriko's Aroma Candle
【幽谷 霧子】2020バレンタインデー,[Kiriko] 2020 Valentine's Day
【’25VD】霧子・スイーツビュッフェ券,['25VD] Kiriko's Sweets Buffet Ticket
【'25VD】幽谷霧子とのひととき,['25VD] A Moment with Kiriko
溶けにくいホワイトチョコレート,Hard-to-melt White Chocolate
霧子へのプレゼント・溶けにくいホワイトチョコレート,Gift for Kiriko・Hard-to-melt White Chocolate
霧子へのプレゼント・溶けにくいホワイトチョコレート＋♥,Gift for Kiriko・Hard-to-melt White Chocolate＋♥
クッキー,Cookies
霧子へのプレゼント・クッキー,Gift for Kiriko・Cookies
霧子へのプレゼント・クッキー＋♥,Gift for Kiriko・Cookies＋♥
写真,Photograph
霧子へのプレゼント・写真,Gift for Kiriko・Photograph
霧子へのプレゼント・写真＋♥,Gift for Kiriko・Photograph＋♥
処分品,Disposal Items
霧子へのプレゼント・処分品,Gift for Kiriko・Disposal Items
霧子へのプレゼント・処分品＋♥,Gift for Kiriko・Disposal Items＋♥
♡いっぱい,Lots of ♡
霧子へのプレゼント・♡いっぱい,Gift for Kiriko・Lots of ♡
霧子へのプレゼント・♡いっぱい＋♥,Gift for Kiriko・Lots of ♡＋♥
ギフトアソートチョコ,Gift Assortment Chocolates
霧子へのプレゼント・ギフトアソートチョコ,Gift for Kiriko・Gift Assortment Chocolates
霧子へのプレゼント・ギフトアソートチョコ＋♥,Gift for Kiriko・Gift Assortment Chocolates＋♥
あめです,It's Raining
きこえる,I Can Hear
ねずみさんの一家,A House for Mice
ほしをひとまわり,One Orbit of a Star
糸とこえ,String and Voice
ゆらゆら,Flutter-Flutter～
な・つ・お・わ・ら・な・い,な・つ・お・わ・ら・な・い
みんみん,みんみん
かなかな,かなかな
おでこの空,Foreheads' Sky
熱がありました,Had a Fever
あのカーブの先,Beyond the curve
いつかこの風が吹いたら,If someday this wind blows
もしもし、あのね,もしもし、あのね
ほしかったの,ほしかったの
１０のつぎ,１０のつぎ
目指せ、ヒーロー！,Aiming as a Hero!
太陽のような存在,Shining Like the Sun
アイドルとヒーローと,Idols and Heroes
誰かにとって特別な,Special to Someone
憧れの存在,A Role Model
悔しさをバネに,Using That Frustration to Bounce Back
ヒーローアイドル大勝利！,The Hero Idol's Great Victory!
目覚めよ、かなたのツルギ！,"Wake Up, a Sword in the Distance!"
こなたのツルギ、再び眠れ！,"Your Sword, to Sleep Again!"
【’19Xmas】柴犬柄のミニトートバッグ,[19Xmas] Shiba Inu Mini Tote Bag
【’19Xmas】インスタントカメラ,[19Xmas] Instant Camera
【’19Xmas】フォトブックギフト券,[19Xmas] Photobook Gift Ticket
【’19Xmas】果穂・駄菓子詰め合わせ,[19Xmas] Kaho's Assorted Candy
【小宮 果穂】2020バレンタインデー,[Kaho] 2020 Valentine's Day
【’25VD】果穂・しょっぱいだがしセット,['25VD] Kaho's Salty Candy Set
【'25VD】小宮果穂とのひととき,['25VD] A Moment with Kaho
フィナンシェ,Financier Cake
果穂へのプレゼント・フィナンシェ,Gift for Kaho・Financier Cake
果穂へのプレゼント・フィナンシェ＋♥,Gift for Kaho・Financier Cake＋♥
エプロン,Apron
果穂へのプレゼント・エプロン,Gift for Kaho・Apron
果穂へのプレゼント・エプロン＋♥,Gift for Kaho・Apron＋♥
トゥンカロン,Ddungcaron
果穂へのプレゼント・トゥンカロン,Gift for Kaho・Ddungcaron
果穂へのプレゼント・トゥンカロン＋♥,Gift for Kaho・Ddungcaron＋♥
ケーキポップ,Cake Pop
果穂へのプレゼント・ケーキポップ,Gift for Kaho・Cake Pop
果穂へのプレゼント・ケーキポップ＋♥,Gift for Kaho・Cake Pop＋♥
カラフルなお菓子,Colorful Sweets
果穂へのプレゼント・カラフルなお菓子,Gift for Kaho・Colorful Sweets
果穂へのプレゼント・カラフルなお菓子＋♥,Gift for Kaho・Colorful Sweets＋♥
辛お菓子詰め合わせ,Assorted Spicy Snacks
果穂へのプレゼント・甘・辛お菓子詰め合わせ,Gift for Kaho・Assorted Spicy Snacks
果穂へのプレゼント・甘・辛お菓子詰め合わせ＋♥,Gift for Kaho・Assorted Spicy Snacks＋♥
子犬みたいな女の子,Puppy girl
小さな体に眠る熱,Heat sleeping in a small body
頼れる先生！,Reliable Teacher!
にぎやかごはん,Lively Lunch
リコーダーガール,Recorder Girl
夕焼けクッキー,Afterglow Cookies
色とりどりの日々,Multicolored Days
びしょ濡れ！？事務所は水の中,Drenched!? The Office is Underwater
ぴかぴか！お掃除大作戦,Sparkling! The Great Cleaning Operation
完璧！頼れる武器はお仕事手帳,Perfect! Your Reliable Weapon is a Work Notebook
声よ届け！勇気と元気が今ここに,Hear Your Voice! Courage and Energy are Now Here
シャボン玉、空へ,"Soap Bubbles, to the Sky"
君は誰かにとっての太陽,You Are Someone Else's Sunshine
ビーチグラスは食べれない！,Beach Glass Can't Be Eaten!
それはあの日君と見た色,That's the Color I Saw with You One Day
必聴！ヒミツのウラワザ３選,Must-Listen! 3 Secret Tricks
この５連は君のまごころ,These 5 Strands Are Your Sincerity
ヒーローはかっこいい！,Heroes are cool!
正義は勝つ,Justice prevails!
果穂はヒーロー！,Kaho is a hero!
放課後クライマックスレンジャー,HO-KA-GO Climax Rangers
前日譚,Prologue
後日譚,Epilogue
ハロー・スイート・チョコレート,Hello Sweet Chocolate
チョコレート迷宮,Chocolate Labyrinth
ビッグチャンスにご用心,Beware of the Big Opportunities
ビターorスイートor……？,Bitter or Sweet or...?
アクシデントとチョコアイドル,Accidental Chocolate Idol
幸せ溶かしてチョコレート！,Melting Happy Chocolate!
とけない甘い夢,A Sweet Dream I Can't Tell
ディア・マイ・チョコレート,Dear My Chocolate
チョコアイドルより愛を込めて！,Forever Being a Chocolate Idol!
【’19Xmas】食べられないチョコレート,[19Xmas] Inedible Chocolate
【’19Xmas】手作りのチョコレート,[19Xmas] Homemade Chocolate
【’19Xmas】限定のチョコレート,[19Xmas] Limited Edition Chocolate
【’19Xmas】智代子・特製のチョコレート,[19Xmas] Chiyoko's Special Chocolate
【園田 智代子】2020バレンタインデー,[Chiyoko] 2020 Valentine's Day
【’25VD】智代子・お揃いのチョコレート,['25VD] Chiyoko's Matching Chocolates
【'25VD】園田智代子とのひととき,['25VD] A Moment with Chiyoko
シュークリーム,Cream Puffs
智代子へのプレゼント・シュークリーム,Gift for Chiyoko・Cream Puffs
智代子へのプレゼント・シュークリーム＋♥,Gift for Chiyoko・Cream Puffs＋♥
いちご大福,Strawberry Daifuku
智代子へのプレゼント・いちご大福,Gift for Chiyoko・Strawberry Daifuku
智代子へのプレゼント・いちご大福＋♥,Gift for Chiyoko・Strawberry Daifuku＋♥
デパ地下スイーツ,Department Store Sweets
智代子へのプレゼント・デパ地下スイーツ,Gift for Chiyoko・Department Store Sweets
智代子へのプレゼント・デパ地下スイーツ＋♥,Gift for Chiyoko・Department Store Sweets＋♥
いちご味のチョコレート,Strawberry-flavored Chocolate
智代子へのプレゼント・いちご味のチョコレート,Gift for Chiyoko・Strawberry-flavored Chocolate
智代子へのプレゼント・いちご味のチョコレート＋♥,Gift for Chiyoko・Strawberry-flavored Chocolate＋♥
ティーショコラショー,Tea Chocolate Show
智代子へのプレゼント・ティーショコラショー,Gift for Chiyoko・Tea Chocolate Show
智代子へのプレゼント・ティーショコラショー＋♥,Gift for Chiyoko・Tea Chocolate Show＋♥
チョコレート,Chocolate
智代子へのプレゼント・チョコレート,Gift for Chiyoko・Chocolate
智代子へのプレゼント・チョコレート＋♥,Gift for Chiyoko・Chocolate＋♥
デリシャス♡ホリデイ,Delicious♡Holiday
リトル♡フォルテシモ,Little♡Fortissimo
ハッピー♡チョコレート,Happy♡Chocolate
息を合わせたらせーのでスタート,"Match Our Steps, Ready Set and Start"
残さず　たいらげます,"Eat It All Up, Leave Nothing Behind"
一番,Number One
踏み切る、足りない100％ ,"Take The Plunge, Insufficient 100%"
スポットライトが呼ぶ,The Spotlight Calls
普通の女子高生？,Regular high school girl?
待ってるだけじゃダメ,I can't just wait
私について,About me
何度だってリピート,Repeat Over & Over
ハローハロー、始めましょう！,"Hello Hello, Commence!"
ささやかだけど最初から,"Modest, but from the start"
彼女は知らない天性の、,"She doesn't know it's innate of her,"
バッドガール・ミーツ……,Bad Girl Meets...
ここから、アタシらしく,"From here on, like myself"
輝きの可能性,Shining possibility
いちばん最初の気持ち,The feeling at the very start
きっと飛び立つから,Because I will take off
ここで、アタシらしく,"Here, like myself"
無駄じゃない、無駄にしない,"Not a waste, I won't waste it"
アイドル・ヒトリゴト,Idol Thinking Out Loud
アタシたちらしく,Like ourselves
【’19Xmas】ホリデーポップコーン,[19Xmas] Holiday Popcorn
【’19Xmas】ニット帽,[19Xmas] Knitted Hat
【’19Xmas】ライオンのクッション,[19Xmas] Lion Cushion
【’19Xmas】樹里・ボールペン,[19Xmas] Juri's Ballpoint Pen
【西城 樹里】2020バレンタインデー,[Juri] 2020 Valentine's Day
【’25VD】樹里・カフェの優待券,['25VD] Juri's Cafe Coupons
【'25VD】西城樹里とのひととき,['25VD] A Moment with Juri
飴,Candy
樹里へのプレゼント・飴,Gift for Juri・Candy
樹里へのプレゼント・飴＋♥,Gift for Juri・Candy＋♥
やわらかいクッション,Soft Cushion
樹里へのプレゼント・やわらかいクッション,Gift for Juri・Soft Cushion
樹里へのプレゼント・やわらかいクッション＋♥,Gift for Juri・Soft Cushion＋♥
木箱香るザッハトルテ,Sachertorte
樹里へのプレゼント・木箱香るザッハトルテ,Gift for Juri・Sachertorte
樹里へのプレゼント・木箱香るザッハトルテ＋♥,Gift for Juri・Sachertorte＋♥
メッセージ付きお菓子,Sweets with Messages
樹里へのプレゼント・メッセージ付きお菓子,Gift for Juri・Sweets with Messages
樹里へのプレゼント・メッセージ付きお菓子＋♥,Gift for Juri・Sweets with Messages＋♥
ココアとクッキー,Hot Cocoa and Cookies
樹里へのプレゼント・ココアとクッキー,Gift for Juri・Hot Cocoa and Cookies
樹里へのプレゼント・ココアとクッキー＋♥,Gift for Juri・Hot Cocoa and Cookies＋♥
野菜ジュース,Vegetable Juice
樹里へのプレゼント・野菜ジュース,Gift for Juri・Vegetable Juice
樹里へのプレゼント・野菜ジュース＋♥,Gift for Juri・Vegetable Juice＋♥
キューティー・バッドガール？,Cutie Bad Girl?
マイ・スタイル,My Style
サムデイ・マイ・ハート……,Someday My Heart...
一番簡単な魔法,The simplest magic
習慣という呪文,The spell of habit
蒸気に隠した言葉,Words hidden in the steam
ふたりのサンセット,Sunset for two
意地っ張りyou&me,Stubborn you&me
横一列・たどり着いた先の景色,Side by side - The view we've arrived at
ジョギングのち雨宿り,Post-Jog Rain Cover
雨宿りのちびしょ濡れ,Soaked Post-Rain
運命の出会い,A Fated Meeting
アイドル優等生,Honors Idol Student
見えない心,Unseen Heart
見つめる先に,Gazing Ahead
揺れる瞳,Wavering Eyes
ゆめな忘れそ,ゆめな忘れそ
漕ぎいでな,漕ぎいでな
世界,The World
ゆかなこのそら,ゆかなこのそら
【’19Xmas】なんでも券,[19Xmas] Ticket for Anything
【’19Xmas】お香,[19Xmas] Incense
【’19Xmas】俺の歌,[19Xmas] My Song
【’19Xmas】凛世・カメのマスコット,[19Xmas] Rinze's Turtle Mascot
【杜野 凛世】2020バレンタインデー,[Rinze] 2020 Valentine's Day
【’25VD】凛世・ハート型のマカロン,['25VD] Rinze's Heart-shaped Macaron
【'25VD】杜野凛世とのひととき,['25VD] A Moment with Rinze
水族館のチケット,Aquarium Ticket
凛世へのプレゼント・水族館のチケット,Gift for Rinze・Aquarium Ticket
凛世へのプレゼント・水族館のチケット＋♥,Gift for Rinze・Aquarium Ticket＋♥
食事,Meal
凛世へのプレゼント・食事,Gift for Rinze・Meal
凛世へのプレゼント・食事＋♥,Gift for Rinze・Meal＋♥
チョコレート,Chocolate
凛世へのプレゼント・チョコレート,Gift for Rinze・Chocolate
凛世へのプレゼント・チョコレート＋♥,Gift for Rinze・Chocolate＋♥
フォンダンショコラ,Chocolate Fondant
凛世へのプレゼント・フォンダンショコラ,Gift for Rinze・Chocolate Fondant
凛世へのプレゼント・フォンダンショコラ＋♥,Gift for Rinze・Chocolate Fondant＋♥
クッキーアソート,Cookie Assortment
凛世へのプレゼント・クッキーアソート,Gift for Rinze・Cookie Assortment
凛世へのプレゼント・クッキーアソート＋♥,Gift for Rinze・Cookie Assortment＋♥
丸いクッキー,Round Cookies
凛世へのプレゼント・丸いクッキー,Gift for Rinze・Round Cookies
凛世へのプレゼント・丸いクッキー＋♥,Gift for Rinze・Round Cookies＋♥
想いぬれど,"I thought so, but"
雨宿り,Taking shelter from the rain
これからのふたり,The two from now on
解釈しませう,Let us interpret
まみ伏せればきらきらと,Sparkling downcast eyes
お宝でございます ,There is a treasure
メンマでございます,There is a bamboo shoot
そういう場所でございます,There is that kind of place
わるい時間・上,Bad moment - First half
わるい時間・下,Bad moment - Second half
私の流儀,My Way
夢のために,For My Dream
迷う心,Wavering Heart
私は私だから,Because I Am Me
スポットライト,Spotlight
photosynthesis,photosynthesis
ファンの支え,The Fan's Support
あなたとなら絶対に,If I Am With You
私の色,My Color
【’19Xmas】紅茶,[19Xmas] Black Tea
【’19Xmas】プロテイン,[19Xmas] Protein
【’19Xmas】カトレアのおやつ,[19Xmas] Cattleya's Snack
【’19Xmas】夏葉・キーケース,[19Xmas] Natsuha's Keycase
【有栖川 夏葉】2020バレンタインデー,[Natsuha] 2020 Valentine's Day
【’25VD】夏葉・思いのこもったチョコ,['25VD] Natsuha's Thoughtful Chocolates
【'25VD】有栖川夏葉とのひととき,['25VD] A Moment with Natsuha
マカロン,Macaron
夏葉へのプレゼント・マカロン,Gift for Natsuha・Macaron
夏葉へのプレゼント・マカロン＋♥,Gift for Natsuha・Macaron＋♥
クッキー,Cookies
夏葉へのプレゼント・クッキー,Gift for Natsuha・Cookies
夏葉へのプレゼント・クッキー＋♥,Gift for Natsuha・Cookies＋♥
ショコラノワール,Chocolat Noir
夏葉へのプレゼント・ショコラノワール,Gift for Natsuha・Chocolat Noir
夏葉へのプレゼント・ショコラノワール＋♥,Gift for Natsuha・Chocolat Noir＋♥
紅茶のマドレーヌ,Tea Madeleines
夏葉へのプレゼント・紅茶のマドレーヌ,Gift for Natsuha・Tea Madeleines
夏葉へのプレゼント・紅茶のマドレーヌ＋♥,Gift for Natsuha・Tea Madeleines＋♥
桜味の紅茶,Sakura-flavored Black Tea
夏葉へのプレゼント・桜味の紅茶,Gift for Natsuha・Sakura-flavored Black Tea
夏葉へのプレゼント・桜味の紅茶＋♥,Gift for Natsuha・Sakura-flavored Black Tea＋♥
シュークリーム,Cream Puffs
夏葉へのプレゼント・シュークリーム,Gift for Natsuha・Cream Puffs
夏葉へのプレゼント・シュークリーム＋♥,Gift for Natsuha・Cream Puffs＋♥
一石二鳥,Killing two birds with one stone
息抜きショッピング,Shopping relaxation
さらなる高みへ,To the next level
イマジネーション！,Imagination!
煌めきの魔法,A Twinkle of Magic
朝を駆け抜けて,Running Through The Morning
15時のアラカルト,"3 O'Clock, À La Carte"
Over The Rainbow,Over The Rainbow
仲良しの笑顔,Buddy Smile
みんな同じ,We're All The Same
笑顔の輝き,A smile's radiance
甘奈の資質,Amana's nature
ジェミニ,Gemini
不安な時期,Uneasy time
growing sweet,growing sweet
Happily ever after,Happily ever after
無理をしてでも,Even if I have to overdo it
一等星の体温,Warmth of the first-magnitude star
Go to the future A,Go to the future A
【’19Xmas】大きいクリスマスケーキ,[19Xmas] Large Christmas Cake
【’19Xmas】水族館のペアチケット,[19Xmas] Aquarium Pair Ticket
【’19Xmas】髪飾り,[19Xmas] Hair Ornaments
【’19Xmas】甘奈・ネクタイ,[19Xmas] Amana's Tie
【大崎 甘奈】2020バレンタインデー,[Amana] 2020 Valentine's Day
【’25VD】甘奈・チョコレートパフェ,['25VD] Amana's Chocolate Parfait
【'25VD】大崎甘奈とのひととき,['25VD] A Moment with Amana
手作りチョコ,Handmade Chocolate
甘奈へのプレゼント・手作りチョコ,Gift for Amana・Handmade Chocolate
甘奈へのプレゼント・手作りチョコ＋♥,Gift for Amana・Handmade Chocolate＋♥
ファウンテンマシーン,Fountain Machine
甘奈へのプレゼント・ファウンテンマシーン,Gift for Amana・Fountain Machine
甘奈へのプレゼント・ファウンテンマシーン＋♥,Gift for Amana・Fountain Machine＋♥
髪飾り,Hair Accessories
甘奈へのプレゼント・髪飾り,Gift for Amana・Hair Accessories
甘奈へのプレゼント・髪飾り＋♥,Gift for Amana・Hair Accessories＋♥
おしゃれなエプロン,Stylish Apron
甘奈へのプレゼント・おしゃれなエプロン,Gift for Amana・Stylish Apron
甘奈へのプレゼント・おしゃれなエプロン＋♥,Gift for Amana・Stylish Apron＋♥
お菓子の詰め合わせ,Assorted Sweets
甘奈へのプレゼント・お菓子の詰め合わせ,Gift for Amana・Assorted Sweets
甘奈へのプレゼント・お菓子の詰め合わせ＋♥,Gift for Amana・Assorted Sweets＋♥
装飾入りの手作りクッキー,Decorated Homemade Cookies
甘奈へのプレゼント・装飾入りの手作りクッキー,Gift for Amana・Decorated Homemade Cookies
甘奈へのプレゼント・装飾入りの手作りクッキー＋♥,Gift for Amana・Decorated Homemade Cookies＋♥
あーあ……雨……,Aww... Rain...
あ！　雨☆,Ah! Rain☆
安心してね……！,Don't worry....!
寂しく……,A little sad...
どこがいいかな☆,I Wonder Where☆
仲良しの『いただきます』,"A Friendly ""Thanks"""
それぞれの関係,Individual Relationships
夢中になっちゃった！,In a craze!
あったかいな……,So warm...
ハッピー、借りるね,I'll borrow some happiness
２回目,The Second Time
アマイ永遠,A Sweet Eternity
ポーチできたの☆,Pouch Complete☆
おやごころ,Parental Love
どこもおんなじ,It's all the same
眠る可能性,Chance of Sleeping
最初の一歩,The First Step
だけど、それでも,"But, Even Then"
誰でもない甜花を,Tenka isn't Anyone
月はやがて輝いて,The Moon Will Eventually Shine
三歩進んで、眠り姫,"Three Steps Forward, Sleeping Beauty"
だから、一緒にいてほしい,"And so, I want to be together"
お月様、きらり,The Moon... Shining
数歩さがって、眠り姫,"Several steps back, Sleeping Beauty"
もう頑張ってる,Already doing my best
だから　ちょっと,So　just a little
ちょっと　思ってた,Just a little　or so I thought
思ってた　けどね,Or so I thought　but
けどね　そうだったんだ,But　it's true
頑張れ、頑張れ！,Do your best!
旧・甜花の完璧な一日,Before: Tenka's Perfect Day
周回遅れ,Falling Behind
約束？,You Promise?
なーちゃんはアイドル、甜花も,"Naa-chan's An Idol, Tenka Too"
明日から頑張るから,"I'll Work Hard Starting Tomorrow, So..."
ベターな日々は続く,The Better Days Will Continue
【’19Xmas】デビ太郎ぬいぐるみ,[19Xmas] Debitaro Plushie
【’19Xmas】アイマスク,[19Xmas] Eyemask
【’19Xmas】ゲームソフト,[19Xmas] Video Game
【’19Xmas】甜花・ゲームコントローラー,[19Xmas] Tenka's Game Controller
【大崎 甜花】2020バレンタインデー,[Tenka] 2020 Valentine's Day
【’25VD】甜花・デビ太郎だったクッキー,['25VD] Tenka's Previously-Debitaro Cookies
【'25VD】大崎甜花とのひととき,['25VD] A Moment with Tenka
駄菓子詰め合わせ,Assorted Sweets
甜花へのプレゼント・駄菓子詰め合わせ,Gift for Tenka・Assorted Sweets
甜花へのプレゼント・駄菓子詰め合わせ＋♥,Gift for Tenka・Assorted Sweets＋♥
ルームソックス,Room Socks
甜花へのプレゼント・ルームソックス,Gift for Tenka・Room Socks
甜花へのプレゼント・ルームソックス＋♥,Gift for Tenka・Room Socks＋♥
ストラップ付きがま口,Purse with Strap
甜花へのプレゼント・ストラップ付きがま口,Gift for Tenka・Purse with Strap
甜花へのプレゼント・ストラップ付きがま口＋♥,Gift for Tenka・Purse with Strap＋♥
マカロンタワー,Macaron Tower
甜花へのプレゼント・マカロンタワー,Gift for Tenka・Macaron Tower
甜花へのプレゼント・マカロンタワー＋♥,Gift for Tenka・Macaron Tower＋♥
ベビーカステラ,Baby Castella
甜花へのプレゼント・ベビーカステラ,Gift for Tenka・Baby Castella
甜花へのプレゼント・ベビーカステラ＋♥,Gift for Tenka・Baby Castella＋♥
デビ太郎？ぬいぐるみ,Debitaro? Plushie
甜花へのプレゼント・デビ太郎？ぬいぐるみ,Gift for Tenka・Debitaro? Plushie
甜花へのプレゼント・デビ太郎？ぬいぐるみ＋♥,Gift for Tenka・Debitaro? Plushie＋♥
だらだらまったり,Laid Back Leisure
たまにはおでかけ,Going Out Once in a While
一人では行けない場所へ,To somewhere you can't go alone.
スプラッシュ・スマイル！,Splash Smile!
シャッターチャンス、何度でも,"Shutter Chance, As Many Times"
銀盤の止まり木,The Bench at the Ice Rink
きがかり→ぬくもり→おもいやり,Anxiety→Warmth→Consideration
寒い日ぬくぬく、だらだら日和,"Cold Day Snuggle, Perfect for Lazing"
いつも通りの色彩,The same color as always
茜色、染まる海,"The ocean, dyed in crimson"
桃色、染まる頬,"Cheeks, dyed in pink"
待ってて,Just You Wait
待ってた,Have Waited
甜花の完璧な１日,Tenka's Flawless Day
連載第１回『ゲーム』,"First Volume: ""Games"""
連載第２回『ソフトクリーム』,"Second Volume: ""Ice Cream"""
連載第５回『デビ太郎』,"Fifth Volume: ""Debitaro"""
連載最終回『ふたご座』,"Final Volume: ""Gemini"""
番外編『and more...』,"Bonus Volume: ""and more..."""
スター・トゥナイト,Star Tonight
♡・ネムレナイト,♡ Sleepless Night
グッド・ナイト,Good Night
パーティ・ナイト,Party Night
ミッドナイト・♡,Mid-Night ♡
バレンタイン・プロローグ,Valentine's Prologue
チョコレート物語,Chocolate Story
……に、胸キュン。,...Heart throbbing here.
セント・バレンタイン・デー,Saint Valentine's Day
バレンタイン・エピローグ,Valentine's Epilogue
sleep in until starting,sleep in until starting
花・満,Blooming・Satisfaction
とらいとらいと,Try and succeed
SLEEP SLEEPLESS,SLEEP SLEEPLESS
心を満たすちいさな花,Small flowers to fill the heart
ログインより,Instead of Logging-In
あやまるよりなんとか,Something Instead of Apology
花より団子より,Flowers Instead of Dango
知ってるかもしれないより,Instead of Him Knowing
わかんないところに,In Unknown Places
てん,Extend
in the てーにんぐるーむ,in the Ten-ing Room
テンカ・エフェクト,Tenka Effect
てんとてん,Tensions
せん,Precedent
大人になる,Growing Up
これからの,From Now On
いなくならない,Won't Leave
いつかの,That Day
夏が来る,Summer Will Come
24hじゃ足りなくて,24 Hours Isn't Enough
甜der Aquarium,Ten-der Aquarium
白クジラの夢をみた,Dreaming of a White Whale
大切の数だけ等分に,Equally Dividing the Precious Amount
広がる世界,Broadening Horizons
幸せのための小さな努力,A Little Hard Work for Happiness
SHOT！,SHOT!
世界にひとつの……,Only One in the World...
あくまのように,Like a demon
あなたのように,Like you
ちいさなブックカフェ,A Small Book Cafe
ギブミー・ごほうび！,Give Me a Reward!
ファッショナブル・チャレンジ,Fashionable Challenge
試着室ファッションショー,Dressing Room Fashion Show
ほっと一息、甜花の気持ち,"A Sigh of Relief, Tenka's Feelings"
甜花的ビフォーアフター,A Tenka-like Before and After
まどろみの昼下がり,Slumbering Late Afternoon
メイクアップはお任せで,Leave the Makeup to Me
不器用な努力,A Clumsy Effort
『お疲れ様』,"""Good job"""
重なる願い、３人分。,"Joined Wishes, Three Parts."
甘い幸せ、３人前。,"Sweet Happiness, Before Them."
扇に梅、花車の蝶、重ね熨斗と桜,"Plum and Fan, Delicate Butterfly, Noshi and Sakura"
とおくでひかるおほしさま,Twinkling Stars Far Away
くらくてみえないおほしさま,So Dark You Can't See the Stars
きらきらひかるおそらのほしよ,"Oh, Twinkling Stars of the Night"
オデカケ・シマショウ,Let's go out
アメアメ・フレフレ,Rain Rain Go Away
ワタシ・タチハ・ドコマデモ,We Can Go Anywhere
てんかちゃんのお星さま,Tenka-chan's Stars
天高く,Skies clear
罪って感じで,Feeling naughty
キューン,Kyuun
ありすがわさん,Arisugawa-san
いちかわさん,Ichikawa-san
それなりに急いでる,Still hurrying quite a bit
なんかもっと頑張りたい,Kinda wanna work harder
テロップにしてください,Please put a subtitle over it
自分らしさって？,"What's ""Tenka-ness""?"
好き、大好き,"Likes, and Loves"
ジャケ買いはやめよう,Stop Judging by the Cover
それほどでもある？,Not that good?
Someday my…,Someday my...
真綿の夢と目覚め,Silken Dream Awoken
My only デビ太郎,My own Debitaro
頭のなかのストーリー,Story Inside our Heads
思い出は溶けないうちに,Before our Memories Dissolve
めでたしめでたし,Happily Ever After
たくさん浴びてください,Please Bask in My Power
頼れるお姉さん,A Reliable Older Sister
優しいひと,A kind person
新人のお仕事,The newcomer's job
これからのこと,The things that will come
千雪の決意,Chiyuki's Determination
そして私は,And I
夢の中へ,Into the dream
感謝してます,Forever grateful
やりたいこと、全部,Everything that you wanted to do
マロウのハーブティー,Mallow Herbal Tea
ハンマープライス！,Hammer Price!
月へ出かけたキャラバンの鈴,The Caravan Bell That Went to The Moon
千雪って人が,A Person Named Chiyuki
意地があるの,A Strong Pride
１円ベイビー,1 Yen Baby
C．K,C.K.
moratorium（もう少しだけ）,moratorium (a little longer)
challenge（したいけど、）,"challenge (i want to, but)"
stopper（ゆらゆら、）,stopper (shaken)
hedgehog（側に来て、）,hedgehog (to my side)
shadow（それもまた、）,shadow (such too)
someday（過去も未来も）,someday (past and future)
【’19Xmas】レトルトの中華丼,[19Xmas] Retorted Chukadon
【’19Xmas】ハーバリウム,[19Xmas] Herbarium
【’19Xmas】クマのぬいぐるみ,[19Xmas] Bear Plushie
【’19Xmas】千雪・ハンカチ,[19Xmas] Chiyuki's Handkerchief
【桑山 千雪】2020バレンタインデー,[Chiyuki] 2020 Valentine's Day
【’25VD】千雪・お洒に合うチョコ,['25VD] Chiyuki's Fashionable Chocolates
【'25VD】桑山千雪とのひととき,['25VD] A Moment with Chiyuki
コーヒーギフトカード,Coffee Gift Card
千雪へのプレゼント・コーヒーギフトカード,Gift for Chiyuki・Coffee Gift Card
千雪へのプレゼント・コーヒーギフトカード＋♥,Gift for Chiyuki・Coffee Gift Card＋♥
駅前スーパーのクッキー,Supermarket Cookies
千雪へのプレゼント・駅前スーパーのクッキー,Gift for Chiyuki・Supermarket Cookies
千雪へのプレゼント・駅前スーパーのクッキー＋♥,Gift for Chiyuki・Supermarket Cookies＋♥
白巾着のマシュマロ,白巾着のマシュマロ
千雪へのプレゼント・白巾着のマシュマロ,千雪へのプレゼント・白巾着のマシュマロ
千雪へのプレゼント・白巾着のマシュマロ＋♥,千雪へのプレゼント・白巾着のマシュマロ＋♥
ボンボンショコラ,Bonbon Chocolate
千雪へのプレゼント・ボンボンショコラ,Gift for Chiyuki・Bonbon Chocolate
千雪へのプレゼント・ボンボンショコラ＋♥,Gift for Chiyuki・Bonbon Chocolate＋♥
コーヒーリキュール,Coffee Liqueur
千雪へのプレゼント・コーヒーリキュール,Gift for Chiyuki・Coffee Liqueur
千雪へのプレゼント・コーヒーリキュール＋♥,Gift for Chiyuki・Coffee Liqueur＋♥
大人気店のケーキ？,Cake from Popular Store?
千雪へのプレゼント・大人気店のケーキ？,Gift for Chiyuki・Cake from Popular Store?
千雪へのプレゼント・大人気店のケーキ？＋♥,Gift for Chiyuki・Cake from Popular Store?＋♥
マイ・フェイバリット・シングス,My Favorite Things
プライベート・タイム,Private Time
幸せはコーヒーの形をして,Happiness is in the Form of Coffee
A MEMORY～ある夏の出来事,A MEMORY～What Happened That Summer
SOMETHING NEW,SOMETHING NEW
月明りの下で眠る人,月明りの下で眠る人
最高だぜー,That was amazingー
冷麦、えいっ,"Hiyamugi, eii"
雨降りア・ラ・モード,Rain à la mode
たとえば花の名前を知るように,"For example, to know a flower's name"
ロマンチック・ジャーニー,Romantic Journey
15 minutes/two of us,15 minutes/two of us
そっと　きっと…… ,"Gently, Surely..."
a little thing,a little thing
ピリリ・15センチメンタル       ,"Tingling, 15 Sentimental"
いつかの憧れから連れ出して,Take me away from my longing
シークレット・ガーデン,Secret Garden
金曜日には幸せの花を,Flowers of Happiness on a Friday
What should I say?,What should I say?
コ・コ・ロ・グラデーション,Heart Gradation
もしも夕日が綺麗だったら,If the sunset is this beautiful
I say,I say
思い出の色,The colors of memories
（筆談）,(Passing Notes)
春なんだなぁ,It truly is spring
ビッグマウス×２,Big Mouth x2
お返事なんてそんな,A reply like that
走り出したいの、３月,"I wanna start running, in March"
紅葉ひとひら,A Flake of Autumn Foliage
染める,Dyed
染まっちゃった,To Have Been Dyed
紅葉ひとかけ,A Fragment of Autumn Foliage
構図,Composition
アイスクリーム（シングル）,Ice Cream (Single)
あなたと紡ぐ物語,A Story Created with You
テイク・オフ,Take Off
光射す方へ,Towards the Light
アイスクリーム（ダブル）,Ice Cream (Double)
『桑山千雪のお気に入り』,"""Chiyuki Kuwayama's Favorites"""
マインド・ザ・ギャップ,Mind the Gap
あの日の憧れを捕まえて,Latch Onto the Longings of That Day
光も影も抱きしめたいの,Embrace Both Light and Shadow
『お気に入りの桑山千雪』,"""Our Favorite Chiyuki Kuwayama"""
桑山ハウスに冬がきました,Winter has arrived at Kuwayama House
衝動的お鍋,Impulsive Hotpot
そっと触れて、柔らかい熱,A soft warmth from a gentle touch
空飛ぶ波は、今宵の揺りかご,The airborne waves are tonight's cradle
食べちゃるから、全部,I'm gonna eat it all
卒業,Graduation
ひっくり返した生きていく,Continuing to Live Upside-Down
【分析】よりよい配信のやり方,(Analysis) How to make a good livestream
【番外】よみ聞かせの時間です♪,(Extra) Storytime♪
未知への高揚,Lifting into the Unknown
刹那への違和感、芽生え,刹那への違和感、芽生え
見えぬ道筋,The Invisible Path
その心、飽くことなし,Never tired of that heart
昇華する探究,Finding the Best
空の青さを知る者よ,空の青さを知る者よ
悔しさを抱いてこそ,悔しさを抱いてこそ
未だ見ぬものへ、共に,未だ見ぬものへ、共に
やがて、海の広さを知る者よ,やがて、海の広さを知る者よ
未知との遭遇,Encounter With the Unknown
フライング・ガール,Flying Girl
椅子と机の惑星,The Planet of Desks and Chairs
ここは、四角い空,Here is a Square Sky
まずは、地図を広げて,"First, Open Up the Map"
どうか、淵のない水のように,May You Be Like Water That Never Stills
【’19Xmas】観覧車に乗る,[19Xmas] Ferris Wheel Ticket
【’19Xmas】普通のケーキ,[19Xmas] Ordinary Cake
【’19Xmas】世界の謎100選,[19Xmas] 100 World Mysteries
【’19Xmas】あさひ・強力磁石,[19Xmas] Asahi's Strong Magnet
【芹沢 あさひ】2020バレンタインデー,[Asahi] 2020 Valentine's Day
【’25VD】あさひ・チョコチップスコーン,['25VD] Asahi's Chocolate Chip Scones
【'25VD】芹沢あさひとのひととき,['25VD] A Moment with Asahi
たくさんのお菓子,Lots of Sweets
あさひへのプレゼント・たくさんのお菓子,Gift for Asahi・Lots of Sweets
あさひへのプレゼント・たくさんのお菓子＋♥,Gift for Asahi・Lots of Sweets＋♥
カブトムシ型チョコ,Beetle-shaped Chocolate
あさひへのプレゼント・カブトムシ型チョコ,Gift for Asahi・Beetle-shaped Chocolate
あさひへのプレゼント・カブトムシ型チョコ＋♥,Gift for Asahi・Beetle-shaped Chocolate＋♥
カラフルなギモーヴ,Colorful Guimauve
あさひへのプレゼント・カラフルなギモーヴ,Gift for Asahi・Colorful Guimauve
あさひへのプレゼント・カラフルなギモーヴ＋♥,Gift for Asahi・Colorful Guimauve＋♥
リストバンド,Wristband
あさひへのプレゼント・リストバンド,Gift for Asahi・Wristband
あさひへのプレゼント・リストバンド＋♥,Gift for Asahi・Wristband＋♥
お菓子の家キット,Gingerbread House Kit
あさひへのプレゼント・お菓子の家キット,Gift for Asahi・Gingerbread House Kit
あさひへのプレゼント・お菓子の家キット＋♥,Gift for Asahi・Gingerbread House Kit＋♥
お菓子のつまったポーチ,Pouch full of Sweets
あさひへのプレゼント・お菓子のつまったポーチ,Gift for Asahi・Pouch full of Sweets
あさひへのプレゼント・お菓子のつまったポーチ＋♥,Gift for Asahi・Pouch full of Sweets＋♥
あさひ流、街の歩き方,"Asahi school, way of streetwalk"
あなたにはどう見えた？,How does it look to you?
そこにいてくれるからこそ,Because you're there
ふとした場所にも興味の種,ふとした場所にも興味の種
眠りて叶いし,眠りて叶いし
他人の読み物、気になるもの,"Stuff others read, stuff to be interested in"
説明するは難し,Hard to explain
その手に掴むは,To grab in that hand
舞台は自ら助くるものを助く,The stage helps those who help themselves
わたしの目、貴方の目,"My eyes, your eyes"
大事なのは飛距離,What's important is the flight
欲しかったのはそっち,I wanted that one
見たかったのは何？,What did they want to see?
動くのはいつ？,When will it move?
効果的だったのはどれ？,Which one worked?
目に入ったら止まらない,No stopping once it's seen
真似すべきこと、そうでないこと,"What to imitate, or not"
面白さのみで選ぶは……,Choosing just for the gag is...
波待ちの水面にて,Waiting for waves on the water
草むらをかきわけて,Making way though the grass
ステージには何が？,What do you mean on stage?
クリスマス、どう過ごします？,How are you spending Christmas?
『いい顔』探求,"Investigation: ""A Nice Face"""
ポストまでは何メートル？,How many meters to the postbox?
プリクエル,Prequel
第0.5話,Episode 0.5
第1.5話,Episode 1.5
ハートフル・フェアリーテイル,Heartful Fairytale
ワンダフルドリーミィデイズ,Wonderful Dreamy Days
台本通りの茶番劇,The farced script
諦めたくないものはひとつだけ,The only thing I will never give up on
さあ、幕を上げましょう！,"Now, let's raise the curtains!"
ウェイト・イン・ザ・ウイング,Wait in the Wings
見えなかった景色,The scenery I never saw
まるで陳腐なハッピーエンド！,Like a stale happy ending!
喫茶 舞台裏で会いましょう,"Behind the scenes, at a cafe"
【’19Xmas】アニメマスコット(地方限定),[19Xmas] Anime Mascot (Locals Only)
【’19Xmas】仕事の企画書,[19Xmas] Job Plan Form
【’19Xmas】冬優子・ダサセーター……？,[19Xmas] Fuyuko's Lame Sweater...?
【黛 冬優子】2020バレンタインデー,[Fuyuko] 2020 Valentine's Day
【’25VD】冬優子・なかなか溶けないアメ,['25VD] Fuyuko's Candy that doesn't melt easily
【'25VD】黛冬優子とのひととき,['25VD] A Moment with Fuyuko
エクレア,Eclair
冬優子へのプレゼント・エクレア,Gift for Fuyuko・Eclair
冬優子へのプレゼント・エクレア＋♥,Gift for Fuyuko・Eclair＋♥
マドレーヌ,Madeleine
冬優子へのプレゼント・マドレーヌ,Gift for Fuyuko・Madeleine
冬優子へのプレゼント・マドレーヌ＋♥,Gift for Fuyuko・Madeleine＋♥
キャラメル,Caramel
冬優子へのプレゼント・キャラメル,Gift for Fuyuko・Caramel
冬優子へのプレゼント・キャラメル＋♥,Gift for Fuyuko・Caramel＋♥
コーヒーとケーキ,Coffee and Cake
冬優子へのプレゼント・コーヒーとケーキ,Gift for Fuyuko・Coffee and Cake
冬優子へのプレゼント・コーヒーとケーキ＋♥,Gift for Fuyuko・Coffee and Cake＋♥
激辛担々麺,Super Spicy Tantan Noodles
冬優子へのプレゼント・激辛担々麺,Gift for Fuyuko・Super Spicy Tantan Noodles
冬優子へのプレゼント・激辛担々麺＋♥,Gift for Fuyuko・Super Spicy Tantan Noodles＋♥
アイスケーキ,Ice Cream Cake
冬優子へのプレゼント・アイスケーキ,Gift for Fuyuko・Ice Cream Cake
冬優子へのプレゼント・アイスケーキ＋♥,Gift for Fuyuko・Ice Cream Cake＋♥
小悪魔♡テンプテーション,Impish♡Temptation
ハンド♡イン♡ハンド,Hand♡In♡Hand
静寂の頃はまだ遠く,Still Faraway Silence
今、ここにある光の色は,"Now, the color of the light here"
（その一幕は、）,"(That one act was, )"
昨日のように遠くて,As far as yesterday
記憶より湿っぽくて,More dreary than a recollection
思い出ほどあたたかくない,Not as warm as a memory
ざらにあるエピソード。,A typical episode.
猫かぶりと不良ごっこ,Feigning innocence and playing bad
猫かぶりとハンドケア,Feigning innocence and doing nails
１と３の境界,Boundary of 1 and 3
思いの外　深い,Unexpectedly   Close
透明、隔てて表裏,"Transparent, Two-Face Division"
ゲーノー人、ハンパない,"Celebrities, are awesome"
向いている？それとも,Does it suit me? Or not?
そういえば、そうだった,"Come to think of it, it was"
ぶつかってみるしか,Clash Against
乗り越える,Getting over it
どーかな？,What is it?
ここまで来れたんだし,Came this far
ハンパないのって,I felt different
どーだ！！！！！！,That's it!!!!!!
【’19Xmas】クレープ,[19Xmas] Crepe
【’19Xmas】遊園地チケット,[19Xmas] Amusement Park Ticket
【’19Xmas】緊張しないための本,[19Xmas] 'Keeping You Away From Nervousness' Book
【’19Xmas】愛依・タピオカミルクティー,[19Xmas] Mei's Bubble Tea
【和泉 愛依】2020バレンタインデー,[Mei] 2020 Valentine's Day
【’25VD】愛依・くじ引き箱,['25VD] Mei's Lottery Box
【'25VD】和泉愛依とのひととき,['25VD] A Moment with Mei
アルファベット型のチョコレート,Alphabet-shaped Chocolate
愛依へのプレゼント・アルファベット型のチョコレート,Gift for Mei・Alphabet-shaped Chocolate
愛依へのプレゼント・アルファベット型のチョコレート＋♥,Gift for Mei・Alphabet-shaped Chocolate＋♥
スイーツビュッフェ,Sweets Buffet
愛依へのプレゼント・スイーツビュッフェ,Gift for Mei・Sweets Buffet
愛依へのプレゼント・スイーツビュッフェ＋♥,Gift for Mei・Sweets Buffet＋♥
世界のチョコレート,Chocolates from around the world
愛依へのプレゼント・世界のチョコレート,Gift for Mei・Chocolates from around the world
愛依へのプレゼント・世界のチョコレート＋♥,Gift for Mei・Chocolates from around the world＋♥
マカロンの詰め合わせ,Assorted Macarons
愛依へのプレゼント・マカロンの詰め合わせ,Gift for Mei・Assorted Macarons
愛依へのプレゼント・マカロンの詰め合わせ＋♥,Gift for Mei・Assorted Macarons＋♥
惑星チョコ,Planet Chocolates
愛依へのプレゼント・惑星チョコ,Gift for Mei・Planet Chocolates
愛依へのプレゼント・惑星チョコ＋♥,Gift for Mei・Planet Chocolates＋♥
耳栓,Earplugs
愛依へのプレゼント・耳栓,Gift for Mei・Earplugs
愛依へのプレゼント・耳栓＋♥,Gift for Mei・Earplugs＋♥
マジ詰んでるし,Seriously at my Limit
色落ちとかないわ～,Dealing with Color Loss～
速攻っしょ！,Hella Awesome!
レシーブっ！,Receive!
今のうち？,It's Out?
予定が～～～！！,The Plan Is～!!
カタカナむずい～,Katakana's Hard～
びっくりした？,I'm Scared?
びっくりしたっしょ？,Are You Scared?
ガブッといくね♪,I'm Gonna Bite You♪
カンタンに楽しも～,Simple Pleasures～
マジリスペクト,Major Respect
トメ　ハネ　雑　だめ,"Stops, Turns, Rough- Wrong"
想い、筆に込めて,Thoughts into Strokes
ロッキュー！,Rock You!
ズンチャー！,Bum-chh!
シー,Shhh
冬のおはなし,A Winter Story
朝のおはなし,A Morning Story
愛のおはなし,A Love Story
うちに勝てる～？,Am I Winning～?
おはようございます！先輩！,Good Morning! Senpai!
放課後の買い食い～♪,Afterschool Snacking～♪
あって思った,"Ah, we met, I thought."
人生,Life
あれって思った,"Oh, it's that, I thought."
ていうか、思い込んでた,"Really, I was thinking too hard about it."
ちゃんとやるから,"I'll do it properly, so."
嬉しいってこと,A happy thing.
人生、長いから,"Life's a long way, after all."
遅刻,Late
遅刻ならず,Without being late
鼓動,Beat
携帯が鳴ってる,Buzzing cellphone
息してるだけ,I'm only breathing
どうしたいのかとか、聞かれても,Even if you ask me what I want to do
息したいだけ,I only want to breathe
泥の中,In the mud
そんなふうに終わるね,So that's how it ends
街はつづく、人生みたいに,"The city goes on, just like life"
オエイシス、イエー,"Oasis, yaaay"
火,Fire
キッチンできみは火薬をまぜる,You mixing gunpowder in the kitchen
ラスト,Last
てっぺん,The top
知ってる？,Do you know?
来たかも,I think it's here
望む、空,Dreams beyond the skies
そうなのかも,It might be like that
思ったから,That's what I thought
【浅倉 透】2023 バレンタイン準備,[Toru] 2023 Valentine's Preparations
【’25VD】透・チョコレート,['25VD] Toru's Chocolate
【'25VD】浅倉透とのひととき,['25VD] A Moment with Toru
クッキー,Cookies
透へのプレゼント・クッキー,Gift for Toru・Cookies
透へのプレゼント・クッキー＋♥,Gift for Toru・Cookies＋♥
日用品,Daily Necessities
透へのプレゼント・日用品,Gift for Toru・Daily Necessities
透へのプレゼント・日用品＋♥,Gift for Toru・Daily Necessities＋♥
クッキー,Cookies
透へのプレゼント・クッキー,Gift for Toru・Cookies
透へのプレゼント・クッキー＋♥,Gift for Toru・Cookies＋♥
おまえのおと,Your sound
おまえのなまえ,Your name
捕,Caught
ボイスでらくらく理解,Communication made easy with your voice
ボイスでらく,Communication with your voice
ボイス,Your voice
１こめ,1st
２こめ,2nd
３こめ,3rd
４こめ,4th
いつか,Someday
午後１,Afternoon 1
午後２,Afternoon 2
所感：頑張ろうな,Thoughts: Work at it
午後３,Afternoon 3
所感：,Thoughts:
見上げてたこと,What I looked up to
火の星,The Fire Star
雨は体温で発火する,Raising the heat in the rain
裸足でこい,Come at me barefooted
１個、光,Single Light
ひゅー,Whiff
ごー,Rumble
ざぶーん,Splash
食,Food
食　　い,E　　a t
たい,I want to
べた,Ate
食べたい,I want to eat
　わった時間,Time h　s passed
追いつい　ら,When you've cau　ht up
そう　　こと,That's wh　t 　 mea　t
樋口円香、幼なじみ,"Madoka Higuchi, childhood friend."
小糸ちゃんと雛菜、幼なじみ,"Koito-chan and Hinana, childhood friends."
おもいこんだら,おもいこんだら
われらはつくるわれらのりゆう,われらはつくるわれらのりゆう
写像１,Mapping 1
写像２,Mapping 2
　　　　な　　　　　つ,　　　　Su　　　　　mmer
、夏夏,", Summer Summer"
たぶん絶対、おそらく,たぶん絶対、おそらく
ろーかる銀河,ろーかる銀河
うわの宙,うわの宙
プール・フール,Pool Fool
泳げばとうとし,It's good if you can swim
虫たちの夜,The Insects' Night
いつか忘れること,Something I'll forget someday
かんぱい,Kanpai
鳥,Bird
コーン総裁,Corn General
総括せよ,Summarize that
要返還対象者総覧,Collation of persons of whom returns are owed
だいたい7月終わりくらい,Around the end of July
たぶんお盆前くらい？,Around Obon maybe?
今日,Today
透明心臓,Transparent Heart
羽が落ちてて,A Fallen Feather
溶けてる,Melting
落ちてる,Falling
浮いてる？,Floating?
ひぃふぅみぃよぉ,One two three four
種ってやつぁ,Sow a seed
できてりゃいいじゃねぇか,It's fine if it's done ain't it
特等席,First Class Seat
夜に待つ,夜に待つ
カメラ・レンズに笑う,カメラ・レンズに笑う
バウンダリー,バウンダリー
二酸化炭素濃度の話,二酸化炭素濃度の話
心臓を握る,心臓を握る
風穴,風穴
蛇足,蛇足
無に送信,A Message to No One
然るに受信,Yet Receiving a Reply
脈を打て,Pulsation
空は晴れている,A Clear Sky
息遣いを聞く,Listening to the Breath
無機質な廊下,The Lifeless Corridoor
椅子の背もたれに,Backrest of the Chair
願いは叶う,A Wish Granted
水盤に落針,A small ripple in the basin
鏡の花、水の中の月,"Flower in the mirror, moon in the water"
糖蜜と塩,Molasses and salt
胸に抱く鬼灯,"Houzuki, held close to the chest "
描く空は澄んでいた,The painted sky was clear
歌声もきれぎれに,Even the singing voice was fragmented
【’25VD】円香・チョコレート,['25VD] Madoka's Chocolates
【'25VD】樋口円香とのひととき,['25VD] A Moment with Madoka
チェリーのジュレ,Cherry Jelly
円香へのプレゼント・チェリーのジュレ,Gift for Madoka・Cherry Jelly
円香へのプレゼント・チェリーのジュレ＋♥,Gift for Madoka・Cherry Jelly＋♥
瓶詰めプリン,Bottled Pudding
円香へのプレゼント・瓶詰めプリン,Gift for Madoka・Bottled Pudding
円香へのプレゼント・瓶詰めプリン＋♥,Gift for Madoka・Bottled Pudding＋♥
ブールドネージュ,Boule de Neige
円香へのプレゼント・ブールドネージュ,Gift for Madoka・Boule de Neige
円香へのプレゼント・ブールドネージュ＋♥,Gift for Madoka・Boule de Neige＋♥
瓶詰めチョコレート,Chocolate in a Jar
円香へのプレゼント・瓶詰めチョコレート,Gift for Madoka・Chocolate in a Jar
円香へのプレゼント・瓶詰めチョコレート＋♥,Gift for Madoka・Chocolate in a Jar＋♥
ローズジュレのパフェ,Rose Jelly Parfait
円香へのプレゼント・ローズジュレのパフェ,Gift for Madoka・Rose Jelly Parfait
円香へのプレゼント・ローズジュレのパフェ＋♥,Gift for Madoka・Rose Jelly Parfait＋♥
ダウト,Doubt
シャワー,Shower
横顔,Profile
あまい,Sweet
にがい,Bitter
and (call),and (call)
ニガニガ,ニガニガ
水、風、緑,水、風、緑
掴もうとして,掴もうとして
手すりの錆,手すりの錆
エンジン,エンジン
囀,Chirp
信,Trust
噤,Shut
偽,Feign
銀,Silver
ピトス・エルピス,Pithos・Elpis
hibi ,hibi: daily
hako,hako: box
uru uru,uru uru: damp
kara su,kara su: crow
序,Order (Foreword)
廃墟、エントロピー,"Ruin, and Entropy"
ドライフラワー,Dried Flower
ノンフィニート,Non finito
美しいもの,Something Beautiful
上澄,Supernatant
瀝青観測,Surveying the asphalt
宙へ還る,Return to space
火毬,Fire cone
定義する、今,"To define, the moment・present"
マンホール,Manhole
高架下,Under the Overhead Bridge
忘れ物,Something Forgotten
ka ta chi,ka ta chi (f or m)
doro michi,doro michi (muddy path)
溶ける言葉,溶ける言葉
プリントの手触り,プリントの手触り
水滴,Droplets
飴玉,Candy
み,to
る,see
雨に彗,Comet in the Rain
ストロボ,Strobe
chira chira,chira chira (flicker flicker)
飲む,Drink
乾かす,Dry
賭ける,Wager
存在,Existing
以外,Except
部屋,Room
雨情,Rainy Scenes
場面・雨,Scene・Rain
場面・鳴,Scene・Thunderclap
場面・傘,Scene・Umbrella
たそがれ,Dusk
かわたれ,Dawn
麻婆豆腐,Mapo tofu
クリームパン,Cream-filled bun
舞,Flicker・Revolving
灯,Lamp・lan
籠,Cage・tern
漠漠,Boundless
線路,Railroad
潮風,Seabreeze
帰宅,Homecoming
潤す,Moisten
とおのねふりの,An eternal slumber
みなめさめ,All awaken
なみのりふねのおとのよきかな ,To the beautiful sounds of a rippling boat
かけ流しの旅,Flowing Spring Journey
なりたいものなあに,なりたいものなあに
想いはお砂糖づけ,想いはお砂糖づけ
ガラスの嘘,ガラスの嘘
背中みっつ,背中みっつ
いまは小さな糸だけど,いまは小さな糸だけど
ごめんなさいはなし,ごめんなさいはなし
ここにおいでよ,ここにおいでよ
【’25VD】小糸・アニマルトリュフ,['25VD] Koito's Animal Truffles
【'25VD】福丸小糸とのひととき,['25VD] A Moment with Koito
お菓子詰め合わせ,Assorted Sweets
小糸へのプレゼント・お菓子詰め合わせ,Gift for Koito・Assorted Sweets
小糸へのプレゼント・お菓子詰め合わせ＋♥,Gift for Koito・Assorted Sweets＋♥
マドレーヌ,Madeleine
小糸へのプレゼント・マドレーヌ,Gift for Koito・Madeleine
小糸へのプレゼント・マドレーヌ＋♥,Gift for Koito・Madeleine＋♥
フォーチュンクッキー,Fortune Cookie
小糸へのプレゼント・フォーチュンクッキー,Gift for Koito・Fortune Cookie
小糸へのプレゼント・フォーチュンクッキー＋♥,Gift for Koito・Fortune Cookie＋♥
アップルパイ,Apple Pie
小糸へのプレゼント・アップルパイ,Gift for Koito・Apple Pie
小糸へのプレゼント・アップルパイ＋♥,Gift for Koito・Apple Pie＋♥
琥珀糖,Amber Sugar
小糸へのプレゼント・琥珀糖,Gift for Koito・Amber Sugar
小糸へのプレゼント・琥珀糖＋♥,Gift for Koito・Amber Sugar＋♥
空色 クリ ー ム ソー ダ,Sky-Colored Cream Soda 
遊泳コーヒーフロート,Swimming Coffee Float
福と豆,Fortune & Beans
内と外,Inside & Out
糸と鳥,Thread & Birds
絡まる糸を解くように,Unravelling tangled threads
運転手さんあのね,"Listen up, driver"
花丸かくれんぼ,Hanamaru Hide & Seek
公園うさぎはとべない,Playground Rabbits Can't Fly
或いは編むように,Sort of Weaving
蝶々結びはかたく,A Tightly Tied Bow
電柱を築くような,Like Building Poles
足りない身の丈,A Height Too Short
気付いたのは,The Moment I Realized
やさしく解けていく,Gentle Unraveling
とこなつココナツ,Everlasting Summer Coconuts
プールサイダー,Poolside Soda
イヤじゃないの,It doesn't bother you?
なんだそっか,So that's how it is...
どろぼうと小テスト,A Test and a Thief
高校生クエッション,A Higher Schooler’s Question
単語帳おばけ,The Ghost of the Flash Cards
解答用紙を走れ,Running with an Answer Sheet
教科書を閉じたら,If I close the textbook...
夏の氷はすぐ溶ける,Rapidly Melting Summer Ice
起立気をつけ礼,Attention! Stand Up Straight! Bow!
アイドル先生,Idol Teacher
思い出作りになる前に,Before it's just a memory
だけど蜩が鳴いてる,While the cicadas are still chirping
言えるかな,Could I say it?
まだまだ広い,A world so vast
小さくたって,Even just a little...
 画用紙コウモリ,Paper Bats
夕陽はかぼちゃ色,A Pumpkin-Colored Sunset
いたずらおばけめ！,You Naughty Ghosts!
ありふれた約束,A Mundane Promise
いつか忘れる本の題名,A book title I'll forget someday
それでもまた春は,"Even so, it's still Spring"
ここは４パーセント,4% from here
秋を燃やして,Burning Autumn
おいしい雨模様,Tasty rainy weather
おなかは空くの,It makes us hungry
晴れときどき桜,Sunny with a chance of cherry blossoms
フェアリー,Fairy
わたしにもみえた,I could see it too
やみかわチャレンジ,Yamikawa challenge
わたしのファン,My fan
できない天使,An angel who couldn't do it well
【’25VD】雛菜・宝石チョコ,['25VD] Hinana's Gemstone Chocolates
【'25VD】市川雛菜とのひととき,['25VD] A Moment with Hinana
マカロン,Macaron
雛菜へのプレゼント・マカロン,Gift for Hinana・Macaron
雛菜へのプレゼント・マカロン＋♥,Gift for Hinana・Macaron＋♥
フィナンシェ,Financier Cake
雛菜へのプレゼント・フィナンシェ,Gift for Hinana・Financier Cake
雛菜へのプレゼント・フィナンシェ＋♥,Gift for Hinana・Financier Cake＋♥
チーズラスク,Cheese Rusk
雛菜へのプレゼント・チーズラスク,Gift for Hinana・Cheese Rusk
雛菜へのプレゼント・チーズラスク＋♥,Gift for Hinana・Cheese Rusk＋♥
アニマルキャンディー,Animal Candy
雛菜へのプレゼント・アニマルキャンディー,Gift for Hinana・Animal Candy
雛菜へのプレゼント・アニマルキャンディー＋♥,Gift for Hinana・Animal Candy＋♥
宝石キャンデイー,Gem Candy
雛菜へのプレゼント・宝石キャンディー,Gift for Hinana・Gem Candy
雛菜へのプレゼント・宝石キャンディー＋♥,Gift for Hinana・Gem Candy＋♥
なみ,Nami
そうだよ,That's Right
いいね日常！,Daily life is good!
いいね日常！！,Daily life is good!!
よくないよ,It's not good
うっすら透明になる,Becoming faintly transparent
いたい、いきてる,"It hurts, I'm alive"
そうな　の,Is That     Right
【’25VD】にちか・徳用チョコ,['25VD] Nichika's Value-pack Chocolate
【'25VD】七草にちかとのひととき,['25VD] A Moment with Nichika
クッキー,Cookies
にちかへのプレゼント・クッキー,Gift for Nichika・Cookies
にちかへのプレゼント・クッキー＋♥,Gift for Nichika・Cookies＋♥
フルーツゼリー,Fruit Jelly
にちかへのプレゼント・フルーツゼリー,Gift for Nichika・Fruit Jelly
にちかへのプレゼント・フルーツゼリー＋♥,Gift for Nichika・Fruit Jelly＋♥
ハンドクリーム,Hand Cream
にちかへのプレゼント・ハンドクリーム,Gift for Nichika・Hand Cream
にちかへのプレゼント・ハンドクリーム+♥,Gift for Nichika・Hand Cream+♥
うーわ ,Uwah
赤いやつほんとマジ ,That red stuff is awful
まだ終わらないので ,Because it's not over yet
電話が勝手に,The phone calls by itself
食べたいやつ,What I want to eat
入口までです,"To the entrance, please"
先いえ,Tell me beforehand
　ん　ょう←けすな笑,_ve_time←Don't erase lol
また黒いの,It's black again
いないので,Because you aren't here
　　えり,_elc_me h_me
10階,10th Floor
違うから,There's No Comparison
足下に天井,The Ceiling Beneath Your Feet
ポップ'n pop,POP'n pop
不自然なboogie,strained boogie
【’25VD】美琴・クッキー,['25VD] Mikoto's Cookies
【'25VD】緋田美琴とのひととき,['25VD] A Moment with Mikoto
プリン,Pudding
美琴へのプレゼント・プリン,Gift for Mikoto・Pudding
美琴へのプレゼント・プリン＋♥,Gift for Mikoto・Pudding＋♥
スコーン,Scone
美琴へのプレゼント・スコーン,Gift for Mikoto・Scone
美琴へのプレゼント・スコーン＋♥,Gift for Mikoto・Scone＋♥
カップケーキ,Cupcake
美琴へのプレゼント・カップケーキ,Gift for Mikoto・Cupcake
美琴へのプレゼント・カップケーキ＋♥,Gift for Mikoto・Cupcake＋♥
ガトーショコラ,Chocolate Gateau
美琴へのプレゼント・ガトーショコラ,Gift for Mikoto・Chocolate Gateau
美琴へのプレゼント・ガトーショコラ+♥,Gift for Mikoto・Chocolate Gateau+♥
ジ・エピソード,the episode.
らくがき,Doodle
砂に描いた,Drawn in the Sand
視線視線視線,視線視線視線
奪われた斑鳩ルカ,奪われた斑鳩ルカ
交差,交差
見たくないものがやってくる,見たくないものがやってくる
重ならないでよ,重ならないでよ
メッセージの行方,メッセージの行方
【’25VD】ルカ・最中,['25VD] Luca's Monaka
【'25VD】斑鳩ルカとのひととき,['25VD] A Moment with Luca
クッキー,Cookies
ルカへのプレゼント・,Gift for Luca・Cookies
ルカへのプレゼント・+♥,Gift for Luca・Cookies+♥
羊羹,Youkan
ルカへのプレゼント・羊羹,Gift for Luca・Youkan
ルカへのプレゼント・羊羹+♥,Gift for Luca・Youkan+♥
うたたね,Nap
きんぎょ,Goldfish
祭りの後,After the Festival
スカウト！,Scout!
なんでもしてくれる人,Will do anything
ものすごい才能？,Amazing talent?
美しいままで,Always beautiful
彼女のステージ,Her stage
後悔とか,Regrets
今すぐ会いに来て,Come and see me right now
寮のご飯の話,Talking about Dorm Food
特別なこと,Something Special
ビジュ120点♡ラブストーリー,120 pts for Visual♡Love Story
下手すぎ,下手すぎ
彼女なりに,In her own way
スキャンダル,Scandal
呆気ないもの,Something Unexpected
及第点,Passing Mark
【鈴木 羽那】2024 バレンタイン準備,[Hana] 2024 Valentine's Day Prep
【鈴木 羽那】2024バレンタインデー,[Hana] 2024 Valentine's Day
羽那へのプレゼント・チョコレート,Gift for Hana・Chocolate
【’25VD】羽那・ちゃんとしたチョコ,['25VD] Hana's Proper Chocolate
【'25VD】鈴木羽那とのひととき,['25VD] A Moment with Hana
カタログ,Catalog
羽那へのプレゼント・カタログ,Gift for Hana・Catalog
羽那へのプレゼント・カタログ+♥,Gift for Hana・Catalog+♥
チョコクロワッサン,Chocolate Croissant
羽那へのプレゼント・チョコクロワッサン,Gift for Hana・Chocolate Croissant
羽那へのプレゼント・チョコクロワッサン+♥,Gift for Hana・Chocolate Croissant+♥
会,Meeting
いいね♥２,2♥Likes
思い出用１,Memories 1
思い出用2,Memories 2
『黒』を解放する存在,"Those who eliminate ""darkness"""
彗星群,Comet Shower
見つめる先にあるもの,What lies ahead
走りはじめたから,Started running
熱にはじかれて,Repelled by heat
心の向かう方,The way to the heart
色づいていく,Changing color
広い場所,Large place
あの日、駆けだしたのはきっと,"That day, they definitely started running"
長い旅路の途中,On a Long Journey
望みの彼方まで,Beyond your Dreams
線なんてない,No Lines
光はどこ,Where's the Light?
対価、もしくは,"Consideration, or"
イノセンス,Innocence
決壊,Breakdown
わたしだけの場所,My Own Place
【’23Xmas】クリスマスカード,[23Xmas] Christmas Card
【’23Xmas】ホットアップルサイダー,[23Xmas] Hot Apple Cider
【’23Xmas】クリスマスオーナメント,[23Xmas] Christmas Ornament
【’23Xmas】動画,[23Xmas] Video
【郁田 はるき】2024 バレンタイン準備,[Haruki] 2024 Valentine's Day Prep
【郁田 はるき】2024バレンタインデー,[Haruki] 2024 Valentine's Day
はるきへのプレゼント・手作りチョコ,Gift for Haruki・Handmade Chocolate
【’25VD】はるき・ミニフォンデュ鍋セット,['25VD] Haruki's Mini Fondue Set
【'25VD】郁田はるきとのひととき,['25VD] A Moment with Haruki
手帳グッズ,Planner Goods
はるきへのプレゼント・手帳グッズ,Gift for Haruki・Planner Goods
はるきへのプレゼント・手帳グッズ+♥,Gift for Haruki・Planner Goods+♥
クッキーの詰め合わせ,Assorted Cookies
はるきへのプレゼント・クッキーの詰め合わせ,Gift for Haruki・Assorted Cookies
はるきへのプレゼント・クッキーの詰め合わせ+♥,Gift for Haruki・Assorted Cookies+♥
アンフォルメル,Art Informel
作品No.____,Artwork No.____
美しき時代,A Beautiful Era
観測者の見る夢は,The observer's dream
この歌は空へとけて,This song goes to the sky
あなたは生きている,You are alive
たぶんこれから何度もある一日,One of many days to come probably
見たことなかったもの,Something I had never seen before
海、吹き去ったから,The sea has blown away
雨につらぬかれて,Pierced by the rain
届くように,To deliver it
もちろん、今も,"Of course, even now"
28分前／後,28 minutes before/after
甘い憩い,Sweet Memories
成長の記録,成長の記録
見えるところ見えないところ,見えるところ見えないところ
ホームボイス1,Home Voice 1
ホームボイス2,Home Voice 2
ホームボイス3,Home Voice 3
ホームボイス4,Home Voice 4
ホームボイス4（アイドルロード）,Home Voice 4 (Idol Road)
ホームボイス5,Home Voice 5
ホームボイス6,Home Voice 6
ホームボイス7,Home Voice 7
ホームボイス8,Home Voice 8
ホームボイス9,Home Voice 9
ホームボイス10,Home Voice 10
ホームタッチボイスA①,Home Touch Voice A ①
ホームタッチボイスA②,Home Touch Voice A ②
ホームタッチボイスA③,Home Touch Voice A ③
ホームタッチボイスB①,Home Touch Voice B ①
ホームタッチボイスB②,Home Touch Voice B ②
ホームタッチボイスB③,Home Touch Voice B ③
ホームタッチボイスC①,Home Touch Voice C ①
ホームタッチボイスC②,Home Touch Voice C ②
ホームタッチボイスC③,Home Touch Voice C ③
プロデュースボイス①,Produce Voice ①
プロデュースボイス②,Produce Voice ②
プロデュースボイス③,Produce Voice ③
プロデュースボイス④,Produce Voice ④
プロデュースボイス⑤,Produce Voice ⑤
プロデュースボイス⑥,Produce Voice ⑥
プロデュースボイス⑦,Produce Voice ⑦
プロデュースボイス⑧,Produce Voice ⑧
プロデュースボイス⑨,Produce Voice ⑨
プロデュースボイス⑩,Produce Voice ⑩
プロデュースボイス⑪,Produce Voice ⑪
プロデュースボイス⑫,Produce Voice ⑫
プロデュースボイス⑬,Produce Voice ⑬
タッチボイス①,Touch Voice ①
タッチボイス②,Touch Voice ②
タッチボイス③,Touch Voice ③
タッチボイス④,Touch Voice ④
タッチボイス⑤,Touch Voice ⑤
タッチボイス⑥,Touch Voice ⑥
タッチボイス⑦,Touch Voice ⑦
タッチボイス⑧,Touch Voice ⑧
タッチボイス⑨,Touch Voice ⑨
タッチボイス⑩,Touch Voice ⑩
タッチボイス⑪,Touch Voice ⑪
タッチボイス⑫,Touch Voice ⑫
タッチボイス⑬,Touch Voice ⑬
信頼度Lv.2ボイス,Trust Lv.2 Voice
信頼度Lv.3ボイス,Trust Lv.3 Voice
信頼度Lv.4ボイス,Trust Lv.4 Voice
信頼度Lv.5ボイス,Trust Lv.5 Voice
信頼度Lv.6ボイス,Trust Lv.6 Voice
信頼度Lv.7ボイス,Trust Lv.7 Voice
信頼度Lv.8ボイス,Trust Lv.8 Voice
信頼度Lv.9ボイス,Trust Lv.9 Voice
信頼度Lv.10ボイス,Trust Lv.10 Voice
信頼度Lv.11ボイス,Trust Lv.11 Voice
信頼度Lv.12ボイス,Trust Lv.12 Voice
信頼度Lv.13ボイス,Trust Lv.13 Voice
信頼度Lv.14ボイス,Trust Lv.14 Voice
信頼度Lv.15ボイス,Trust Lv.15 Voice
信頼度Lv.16ボイス,Trust Lv.16 Voice
ホームボイス・キャスコレ(朝1),Home Voice・CastColle(Morning1)
ホームボイス・キャスコレ(朝2),Home Voice・CastColle(Morning2)
ホームボイス・キャスコレ(朝3),Home Voice・CastColle(Morning3)
ホームボイス・キャスコレ(星1),Home Voice・CastColle(Noon1)
ホームボイス・キャスコレ(昼2),Home Voice・CastColle(Noon2)
ホームボイス・キャスコレ(昼3),Home Voice・CastColle(Noon3)
ホームボイス・キャスコレ(夜1),Home Voice・CastColle(Night1)
ホームボイス・キャスコレ(夜2),Home Voice・CastColle(Night2)
ホームボイス・キャスコレ(夜3),Home Voice・CastColle(Night3)
ホームボイス・キャスコレ(フリー),Home Voice・CastColle(Free)
【玉兎三星】 ボイス①,【玉兎三星】 ボイス①
【玉兎三星】 ボイス②,【玉兎三星】 ボイス②
【玉兎三星】 ボイス③,【玉兎三星】 ボイス③
【サマーアイドル2025】 ボイス①,[Summer Idol 2025] Voice ①
【サマーアイドル2025】 ボイス②,[Summer Idol 2025] Voice ②
【櫻木 真乃】 誕生日ミニコミュ①,[Mano] Birthday Mini Commu ①
【櫻木 真乃】 誕生日ミニコミュ②,[Mano] Birthday Mini Commu ②
【櫻木 真乃】 誕生日ミニコミュ③,[Mano] Birthday Mini Commu ③
【櫻木 真乃】 誕生日ミニコミュ④,[Mano] Birthday Mini Commu ④
【櫻木 真乃】 誕生日ミニコミュ⑤,[Mano] Birthday Mini Commu ⑤
【櫻木 真乃】 誕生日ミニコミュ⑥,[Mano] Birthday Mini Commu ⑥
【風野 灯織】 誕生日ミニコミュ①,[Hiori] Birthday Mini Commu ①
【風野 灯織】 誕生日ミニコミュ②,[Hiori] Birthday Mini Commu ②
【風野 灯織】 誕生日ミニコミュ③,[Hiori] Birthday Mini Commu ③
【風野 灯織】 誕生日ミニコミュ④,[Hiori] Birthday Mini Commu ④
【風野 灯織】 誕生日ミニコミュ⑤,[Hiori] Birthday Mini Commu ⑤
【風野 灯織】 誕生日ミニコミュ⑥,[Hiori] Birthday Mini Commu ⑥
【八宮 めぐる】 誕生日ミニコミュ①,[Meguru] Birthday Mini Commu ①
【八宮 めぐる】 誕生日ミニコミュ②,[Meguru] Birthday Mini Commu ②
【八宮 めぐる】 誕生日ミニコミュ③,[Meguru] Birthday Mini Commu ③
【八宮 めぐる】 誕生日ミニコミュ④,[Meguru] Birthday Mini Commu ④
【八宮 めぐる】 誕生日ミニコミュ⑤,[Meguru] Birthday Mini Commu ⑤
【八宮 めぐる】 誕生日ミニコミュ⑥,[Meguru] Birthday Mini Commu ⑥
【月岡 恋鐘】 誕生日ミニコミュ①,[Kogane] Birthday Mini Commu ①
【月岡 恋鐘】 誕生日ミニコミュ②,[Kogane] Birthday Mini Commu ②
【月岡 恋鐘】 誕生日ミニコミュ③,[Kogane] Birthday Mini Commu ③
【月岡 恋鐘】 誕生日ミニコミュ④,[Kogane] Birthday Mini Commu ④
【月岡 恋鐘】 誕生日ミニコミュ⑤,[Kogane] Birthday Mini Commu ⑤
【月岡 恋鐘】 誕生日ミニコミュ⑥,[Kogane] Birthday Mini Commu ⑥
【田中 摩美々】 誕生日ミニコミュ①,[Mamimi] Birthday Mini Commu ①
【田中 摩美々】 誕生日ミニコミュ②,[Mamimi] Birthday Mini Commu ②
【田中 摩美々】 誕生日ミニコミュ③,[Mamimi] Birthday Mini Commu ③
【田中 摩美々】 誕生日ミニコミュ④,[Mamimi] Birthday Mini Commu ④
【田中 摩美々】 誕生日ミニコミュ⑤,[Mamimi] Birthday Mini Commu ⑤
【田中 摩美々】 誕生日ミニコミュ⑥,[Mamimi] Birthday Mini Commu ⑥
【白瀬 咲耶】 誕生日ミニコミュ①,[Sakuya] Birthday Mini Commu ①
【白瀬 咲耶】 誕生日ミニコミュ②,[Sakuya] Birthday Mini Commu ②
【白瀬 咲耶】 誕生日ミニコミュ③,[Sakuya] Birthday Mini Commu ③
【白瀬 咲耶】 誕生日ミニコミュ④,[Sakuya] Birthday Mini Commu ④
【白瀬 咲耶】 誕生日ミニコミュ⑤,[Sakuya] Birthday Mini Commu ⑤
【白瀬 咲耶】 誕生日ミニコミュ⑥,[Sakuya] Birthday Mini Commu ⑥
【三峰 結華】 誕生日ミニコミュ①,[Yuika] Birthday Mini Commu ①
【三峰 結華】 誕生日ミニコミュ②,[Yuika] Birthday Mini Commu ②
【三峰 結華】 誕生日ミニコミュ③,[Yuika] Birthday Mini Commu ③
【三峰 結華】 誕生日ミニコミュ④,[Yuika] Birthday Mini Commu ④
【三峰 結華】 誕生日ミニコミュ⑤,[Yuika] Birthday Mini Commu ⑤
【三峰 結華】 誕生日ミニコミュ⑥,[Yuika] Birthday Mini Commu⑥
【幽谷 霧子】 誕生日ミニコミュ①,[Kiriko] Birthday Mini Commu ①
【幽谷 霧子】 誕生日ミニコミュ②,[Kiriko] Birthday Mini Commu ②
【幽谷 霧子】 誕生日ミニコミュ③,[Kiriko] Birthday Mini Commu ③
【幽谷 霧子】 誕生日ミニコミュ④,[Kiriko] Birthday Mini Commu ④
【幽谷 霧子】 誕生日ミニコミュ⑤,[Kiriko] Birthday Mini Commu ⑤
【幽谷 霧子】 誕生日ミニコミュ⑥,[Kiriko] Birthday Mini Commu ⑥
【小宮 果穂】 誕生日ミニコミュ①,[Kaho] Birthday Mini Commu ①
【小宮 果穂】 誕生日ミニコミュ②,[Kaho] Birthday Mini Commu ②
【小宮 果穂】 誕生日ミニコミュ③,[Kaho] Birthday Mini Commu ③
【小宮 果穂】 誕生日ミニコミュ④,[Kaho] Birthday Mini Commu ④
【小宮 果穂】 誕生日ミニコミュ⑤,[Kaho] Birthday Mini Commu ⑤
【小宮 果穂】 誕生日ミニコミュ⑥,[Kaho] Birthday Mini Commu ⑥
【園田 智代子】 誕生日ミニコミュ①,[Chiyoko] Birthday Mini Commu ①
【園田 智代子】 誕生日ミニコミュ②,[Chiyoko] Birthday Mini Commu ②
【園田 智代子】 誕生日ミニコミュ③,[Chiyoko] Birthday Mini Commu ③
【園田 智代子】 誕生日ミニコミュ④,[Chiyoko] Birthday Mini Commu ④
【園田 智代子】 誕生日ミニコミュ⑤,[Chiyoko] Birthday Mini Commu ⑤
【園田 智代子】 誕生日ミニコミュ⑥,[Chiyoko] Birthday Mini Commu ⑥
【西城 樹里】 誕生日ミニコミュ①,[Juri] Birthday Mini Commu ①
【西城 樹里】 誕生日ミニコミュ②,[Juri] Birthday Mini Commu ②
【西城 樹里】 誕生日ミニコミュ③,[Juri] Birthday Mini Commu ③
【西城 樹里】 誕生日ミニコミュ④,[Juri] Birthday Mini Commu ④
【西城 樹里】 誕生日ミニコミュ⑤,[Juri] Birthday Mini Commu ⑤
【西城 樹里】 誕生日ミニコミュ⑥,[Juri] Birthday Mini Commu ⑥
【杜野 凛世】 誕生日ミニコミュ①,[Rinze] Birthday Mini Commu ①
【杜野 凛世】 誕生日ミニコミュ②,[Rinze] Birthday Mini Commu ②
【杜野 凛世】 誕生日ミニコミュ③,[Rinze] Birthday Mini Commu ③
【杜野 凛世】 誕生日ミニコミュ④,[Rinze] Birthday Mini Commu ④
【杜野 凛世】 誕生日ミニコミュ⑤,[Rinze] Birthday Mini Commu ⑤
【杜野 凛世】 誕生日ミニコミュ⑥,[Rinze] Birthday Mini Commu ⑥
【有栖川 夏葉】 誕生日ミニコミュ①,[Natsuha] Birthday Mini Commu ①
【有栖川 夏葉】 誕生日ミニコミュ②,[Natsuha] Birthday Mini Commu ②
【有栖川 夏葉】 誕生日ミニコミュ③,[Natsuha] Birthday Mini Commu ③
【有栖川 夏葉】 誕生日ミニコミュ④,[Natsuha] Birthday Mini Commu ④
【有栖川 夏葉】 誕生日ミニコミュ⑤,[Natsuha] Birthday Mini Commu ⑤
【有栖川 夏葉】 誕生日ミニコミュ⑥,[Natsuha] Birthday Mini Commu ⑥
【大崎 甘奈】 誕生日ミニコミュ①,[Amana] Birthday Mini Commu ①
【大崎 甘奈】 誕生日ミニコミュ②,[Amana] Birthday Mini Commu ②
【大崎 甘奈】 誕生日ミニコミュ③,[Amana] Birthday Mini Commu ③
【大崎 甘奈】 誕生日ミニコミュ④,[Amana] Birthday Mini Commu ④
【大崎 甘奈】 誕生日ミニコミュ⑤,[Amana] Birthday Mini Commu ⑤
【大崎 甘奈】 誕生日ミニコミュ⑥,[Amana] Birthday Mini Commu ⑥
【大崎 甜花】 誕生日ミニコミュ①,[Tenka] Birthday Mini Commu ①
【大崎 甜花】 誕生日ミニコミュ②,[Tenka] Birthday Mini Commu ②
【大崎 甜花】 誕生日ミニコミュ③,[Tenka] Birthday Mini Commu ③
【大崎 甜花】 誕生日ミニコミュ④,[Tenka] Birthday Mini Commu ④
【大崎 甜花】 誕生日ミニコミュ⑤,[Tenka] Birthday Mini Commu ⑤
【大崎 甜花】 誕生日ミニコミュ⑥,[Tenka] Birthday Mini Commu ⑥
【桑山 千雪】 誕生日ミニコミュ①,[Chiyuki] Birthday Mini Commu ①
【桑山 千雪】 誕生日ミニコミュ②,[Chiyuki] Birthday Mini Commu ②
【桑山 千雪】 誕生日ミニコミュ③,[Chiyuki] Birthday Mini Commu ③
【桑山 千雪】 誕生日ミニコミュ④,[Chiyuki] Birthday Mini Commu ④
【桑山 千雪】 誕生日ミニコミュ⑤,[Chiyuki] Birthday Mini Commu ⑤
【桑山 千雪】 誕生日ミニコミュ⑥,[Chiyuki] Birthday Mini Commu ⑥
【芹沢 あさひ】 誕生日ミニコミュ①,[Asahi] Birthday Mini Commu ①
【芹沢 あさひ】 誕生日ミニコミュ②,[Asahi] Birthday Mini Commu ②
【芹沢 あさひ】 誕生日ミニコミュ③,[Asahi] Birthday Mini Commu ③
【芹沢 あさひ】 誕生日ミニコミュ④,[Asahi] Birthday Mini Commu ④
【芹沢 あさひ】 誕生日ミニコミュ⑤,[Asahi] Birthday Mini Commu ⑤
【芹沢 あさひ】 誕生日ミニコミュ⑥,[Asahi] Birthday Mini Commu ⑥
【黛 冬優子】 誕生日ミニコミュ①,[Fuyuko] Birthday Mini Commu ①
【黛 冬優子】 誕生日ミニコミュ②,[Fuyuko] Birthday Mini Commu ②
【黛 冬優子】 誕生日ミニコミュ③,[Fuyuko] Birthday Mini Commu ③
【黛 冬優子】 誕生日ミニコミュ④,[Fuyuko] Birthday Mini Commu ④
【黛 冬優子】 誕生日ミニコミュ⑤,[Fuyuko] Birthday Mini Commu ⑤
【黛 冬優子】 誕生日ミニコミュ⑥,[Fuyuko] Birthday Mini Commu ⑥
【和泉 愛依】 誕生日ミニコミュ①,[Mei] Birthday Mini Commu ①
【和泉 愛依】 誕生日ミニコミュ②,[Mei] Birthday Mini Commu ②
【和泉 愛依】 誕生日ミニコミュ③,[Mei] Birthday Mini Commu ③
【和泉 愛依】 誕生日ミニコミュ④,[Mei] Birthday Mini Commu ④
【和泉 愛依】 誕生日ミニコミュ⑤,[Mei] Birthday Mini Commu ⑤
【和泉 愛依】 誕生日ミニコミュ⑥,[Mei] Birthday Mini Commu ⑥
【浅倉 透】 誕生日ミニコミュ①,[Toru] Birthday Mini Commu ①
【浅倉 透】 誕生日ミニコミュ②,[Toru] Birthday Mini Commu ②
【浅倉 透】 誕生日ミニコミュ③,[Toru] Birthday Mini Commu ③
【浅倉 透】 誕生日ミニコミュ④,[Toru] Birthday Mini Commu ④
【浅倉 透】 誕生日ミニコミュ⑤,[Toru] Birthday Mini Commu ⑤
【浅倉 透】 誕生日ミニコミュ⑥,[Toru] Birthday Mini Commu ⑥
【樋口 円香】 誕生日ミニコミュ①,[Madoka] Birthday Mini Commu ①
【樋口 円香】 誕生日ミニコミュ②,[Madoka] Birthday Mini Commu ②
【樋口 円香】 誕生日ミニコミュ③,[Madoka] Birthday Mini Commu ③
【樋口 円香】 誕生日ミニコミュ④,[Madoka] Birthday Mini Commu ④
【樋口 円香】 誕生日ミニコミュ⑤,[Madoka] Birthday Mini Commu ⑤
【樋口 円香】 誕生日ミニコミュ⑥,[Madoka] Birthday Mini Commu ⑥
【福丸 小糸】 誕生日ミニコミュ①,[Koito] Birthday Mini Commu ①
【福丸 小糸】 誕生日ミニコミュ②,[Koito] Birthday Mini Commu ②
【福丸 小糸】 誕生日ミニコミュ③,[Koito] Birthday Mini Commu ③
【福丸 小糸】 誕生日ミニコミュ④,[Koito] Birthday Mini Commu ④
【福丸 小糸】 誕生日ミニコミュ⑤,[Koito] Birthday Mini Commu ⑤
【福丸 小糸】 誕生日ミニコミュ⑥,[Koito] Birthday Mini Commu ⑥
【市川 雛菜】 誕生日ミニコミュ①,[Hinana] Birthday Mini Commu ①
【市川 雛菜】 誕生日ミニコミュ②,[Hinana] Birthday Mini Commu ②
【市川 雛菜】 誕生日ミニコミュ③,[Hinana] Birthday Mini Commu ③
【市川 雛菜】 誕生日ミニコミュ④,[Hinana] Birthday Mini Commu ④
【市川 雛菜】 誕生日ミニコミュ⑤,[Hinana] Birthday Mini Commu ⑤
【市川 雛菜】 誕生日ミニコミュ⑥,[Hinana] Birthday Mini Commu ⑥
【七草 にちか】 誕生日ミニコミュ①,[Nichika] Birthday Mini Commu ①
【七草 にちか】 誕生日ミニコミュ②,[Nichika] Birthday Mini Commu ②
【七草 にちか】 誕生日ミニコミュ③,[Nichika] Birthday Mini Commu ③
【七草 にちか】 誕生日ミニコミュ④,[Nichika] Birthday Mini Commu ④
【七草 にちか】 誕生日ミニコミュ⑤,[Nichika] Birthday Mini Commu ⑤
【緋田 美琴】 誕生日ミニコミュ①,[Mikoto] Birthday Mini Commu ①
【緋田 美琴】 誕生日ミニコミュ②,[Mikoto] Birthday Mini Commu ②
【緋田 美琴】 誕生日ミニコミュ③,[Mikoto] Birthday Mini Commu ③
【緋田 美琴】 誕生日ミニコミュ④,[Mikoto] Birthday Mini Commu ④
【緋田 美琴】 誕生日ミニコミュ⑤,[Mikoto] Birthday Mini Commu ⑤
【斑鳩 ルカ】 誕生日ミニコミュ①,[Luca] Birthday Mini Commu ①
【斑鳩 ルカ】 誕生日ミニコミュ②,[Luca] Birthday Mini Commu ②
【鈴木 羽那】 誕生日ミニコミュ①,[Hana] Birthday Mini Commu ①
【鈴木 羽那】 誕生日ミニコミュ②,[Hana] Birthday Mini Commu ②
【郁田 はるき】 誕生日ミニコミュ①,[Haruki] Birthday Mini Commu ①
【郁田 はるき】 誕生日ミニコミュ②,[Haruki] Birthday Mini Commu ②
【七草 はづき】 誕生日ミニコミュ①,[Hazuki] Birthday Mini Commu ①
【七草 はづき】 誕生日ミニコミュ②,[Hazuki] Birthday Mini Commu ②
【櫻木 真乃】2019ホワイトデーボイス①,[Mano] 2019 White Day Voice ①
【櫻木 真乃】2019ホワイトデーボイス②,[Mano] 2019 White Day Voice ②
【櫻木 真乃】2019ホワイトデーボイス③,[Mano] 2019 White Day Voice ③
【櫻木 真乃】2019七夕ボイス,[Mano] 2019 Tanabata Voice
【櫻木 真乃】2019お月見ボイス,[Mano] 2019 Otsukimi Voice
【櫻木 真乃】2019ハロウィンボイス,[Mano] 2019 Halloween Voice
【風野 灯織】2019ホワイトデーボイス①,[Hiori] 2019 White Day Voice ①
【風野 灯織】2019ホワイトデーボイス②,[Hiori] 2019 White Day Voice ②
【風野 灯織】2019ホワイトデーボイス③,[Hiori] 2019 White Day Voice ③
【風野 灯織】2019七夕ボイス,[Hiori] 2019 Tanabata Voice
【風野 灯織】2019お月見ボイス,[Hiori] 2019 Otsukimi Voice
【風野 灯織】2019ハロウィンボイス,[Hiori] 2019 Halloween Voice
【八宮 めぐる】2019ホワイトデーボイス①,[Meguru] 2019 White Day Voice ①
【八宮 めぐる】2019ホワイトデーボイス②,[Meguru] 2019 White Day Voice ②
【八宮 めぐる】2019ホワイトデーボイス③,[Meguru] 2019 White Day Voice ③
【八宮 めぐる】2019七夕ボイス,[Meguru] 2019 Tanabata Voice
【八宮 めぐる】2019お月見ボイス,[Meguru] 2019 Otsukimi Voice
【八宮 めぐる】2019ハロウィンボイス,[Meguru] 2019 Halloween Voice
【月岡 恋鐘】2019ホワイトデーボイス①,[Kogane] 2019 White Day Voice ①
【月岡 恋鐘】2019ホワイトデーボイス②,[Kogane] 2019 White Day Voice ②
【月岡 恋鐘】2019ホワイトデーボイス③,[Kogane] 2019 White Day Voice ③
【月岡 恋鐘】2019七夕ボイス,[Kogane] 2019 Tanabata Voice
【月岡 恋鐘】2019お月見ボイス,[Kogane] 2019 Otsukimi Voice
【月岡 恋鐘】2019ハロウィンボイス,[Kogane] 2019 Halloween Voice
【田中 摩美々】2019ホワイトデーボイス①,[Mamimi] 2019 White Day Voice ①
【田中 摩美々】2019ホワイトデーボイス②,[Mamimi] 2019 White Day Voice ②
【田中 摩美々】2019ホワイトデーボイス③,[Mamimi] 2019 White Day Voice ③
【田中 摩美々】2019七夕ボイス,[Mamimi] 2019 Tanabata Voice
【田中 摩美々】2019お月見ボイス,[Mamimi] 2019 Otsukimi Voice
【田中 摩美々】2019ハロウィンボイス,[Mamimi] 2019 Halloween Voice
【白瀬 咲耶】2019ホワイトデーボイス①,[Sakuya] 2019 White Day Voice ①
【白瀬 咲耶】2019ホワイトデーボイス②,[Sakuya] 2019 White Day Voice ②
【白瀬 咲耶】2019ホワイトデーボイス③,[Sakuya] 2019 White Day Voice ③
【白瀬 咲耶】2019七夕ボイス,[Sakuya] 2019 Tanabata Voice
【白瀬 咲耶】2019お月見ボイス,[Sakuya] 2019 Otsukimi Voice
【白瀬 咲耶】2019ハロウィンボイス,[Sakuya] 2019 Halloween Voice
【三峰 結華】2019ホワイトデーボイス①,[Yuika] 2019 White Day Voice ①
【三峰 結華】2019ホワイトデーボイス②,[Yuika] 2019 White Day Voice ②
【三峰 結華】2019ホワイトデーボイス③,[Yuika] 2019 White Day Voice ③
【三峰 結華】2019七夕ボイス,[Yuika] 2019 Tanabata Voice
【三峰 結華】2019お月見ボイス,[Yuika] 2019 Otsukimi Voice
【三峰 結華】2019ハロウィンボイス,[Yuika] 2019 Halloween Voice
【幽谷 霧子】2019ホワイトデーボイス①,[Kiriko] 2019 White Day Voice ①
【幽谷 霧子】2019ホワイトデーボイス②,[Kiriko] 2019 White Day Voice ②
【幽谷 霧子】2019ホワイトデーボイス③,[Kiriko] 2019 White Day Voice ③
【幽谷 霧子】2019七夕ボイス,[Kiriko] 2019 Tanabata Voice
【幽谷 霧子】2019お月見ボイス,[Kiriko] 2019 Otsukimi Voice
【幽谷 霧子】2019ハロウィンボイス,[Kiriko] 2019 Halloween Voice
【小宮 果穂】2019ホワイトデーボイス①,[Kaho] 2019 White Day Voice ①
【小宮 果穂】2019ホワイトデーボイス②,[Kaho] 2019 White Day Voice ②
【小宮 果穂】2019ホワイトデーボイス③,[Kaho] 2019 White Day Voice ③
【小宮 果穂】2019七夕ボイス,[Kaho] 2019 Tanabata Voice
【小宮 果穂】2019お月見ボイス,[Kaho] 2019 Otsukimi Voice
【小宮 果穂】2019ハロウィンボイス,[Kaho] 2019 Halloween Voice
【園田 智代子】2019ホワイトデーボイス①,[Chiyoko] 2019 White Day Voice ①
【園田 智代子】2019ホワイトデーボイス②,[Chiyoko] 2019 White Day Voice ②
【園田 智代子】2019ホワイトデーボイス③,[Chiyoko] 2019 White Day Voice ③
【園田 智代子】2019七夕ボイス,[Chiyoko] 2019 Tanabata Voice
【園田 智代子】2019お月見ボイス,[Chiyoko] 2019 Otsukimi Voice
【園田 智代子】2019ハロウィンボイス,[Chiyoko] 2019 Halloween Voice
【西城 樹里】2019ホワイトデーボイス①,[Juri] 2019 White Day Voice ①
【西城 樹里】2019ホワイトデーボイス②,[Juri] 2019 White Day Voice ②
【西城 樹里】2019ホワイトデーボイス③,[Juri] 2019 White Day Voice ③
【西城 樹里】2019七夕ボイス,[Juri] 2019 Tanabata Voice
【西城 樹里】2019お月見ボイス,[Juri] 2019 Otsukimi Voice
【西城 樹里】2019ハロウィンボイス,[Juri] 2019 Halloween Voice
【杜野 凛世】2019ホワイトデーボイス①,[Rinze] 2019 White Day Voice ①
【杜野 凛世】2019ホワイトデーボイス②,[Rinze] 2019 White Day Voice ②
【杜野 凛世】2019ホワイトデーボイス③,[Rinze] 2019 White Day Voice ③
【杜野 凛世】2019七夕ボイス,[Rinze] 2019 Tanabata Voice
【杜野 凛世】2019お月見ボイス,[Rinze] 2019 Otsukimi Voice
【杜野 凛世】2019ハロウィンボイス,[Rinze] 2019 Halloween Voice
【有栖川 夏葉】2019ホワイトデーボイス①,[Natsuha] 2019 White Day Voice ①
【有栖川 夏葉】2019ホワイトデーボイス②,[Natsuha] 2019 White Day Voice ②
【有栖川 夏葉】2019ホワイトデーボイス③,[Natsuha] 2019 White Day Voice ③
【有栖川 夏葉】2019七夕ボイス,[Natsuha] 2019 Tanabata Voice
【有栖川 夏葉】2019お月見ボイス,[Natsuha] 2019 Otsukimi Voice
【有栖川 夏葉】2019ハロウィンボイス,[Natsuha] 2019 Halloween Voice
【大崎 甘奈】2019ホワイトデーボイス①,[Amana] 2019 White Day Voice ①
【大崎 甘奈】2019ホワイトデーボイス②,[Amana] 2019 White Day Voice ②
【大崎 甘奈】2019ホワイトデーボイス③,[Amana] 2019 White Day Voice ③
【大崎 甘奈】2019七夕ボイス,[Amana] 2019 Tanabata Voice
【大崎 甘奈】2019お月見ボイス,[Amana] 2019 Otsukimi Voice
【大崎 甘奈】2019ハロウィンボイス,[Amana] 2019 Halloween Voice
【大崎 甜花】2019ホワイトデーボイス①,[Tenka] 2019 White Day Voice ①
【大崎 甜花】2019ホワイトデーボイス②,[Tenka] 2019 White Day Voice ②
【大崎 甜花】2019ホワイトデーボイス③,[Tenka] 2019 White Day Voice ③
【大崎 甜花】2019七夕ボイス,[Tenka] 2019 Tanabata Voice
【大崎 甜花】2019お月見ボイス,[Tenka] 2019 Otsukimi Voice
【大崎 甜花】2019ハロウィンボイス,[Tenka] 2019 Halloween Voice
【桑山 千雪】2019ホワイトデーボイス①,[Chiyuki] 2019 White Day Voice ①
【桑山 千雪】2019ホワイトデーボイス②,[Chiyuki] 2019 White Day Voice ②
【桑山 千雪】2019ホワイトデーボイス③,[Chiyuki] 2019 White Day Voice ③
【桑山 千雪】2019七夕ボイス,[Chiyuki] 2019 Tanabata Voice
【桑山 千雪】2019お月見ボイス,[Chiyuki] 2019 Otsukimi Voice
【桑山 千雪】2019ハロウィンボイス,[Chiyuki] 2019 Halloween Voice
【芹沢 あさひ】2019七夕ボイス,[Asahi] 2019 Tanabata Voice
【芹沢 あさひ】2019お月見ボイス,[Asahi] 2019 Otsukimi Voice
【芹沢 あさひ】2019ハロウィンボイス,[Asahi] 2019 Halloween Voice
【黛 冬優子】2019七夕ボイス,[Fuyuko] 2019 Tanabata Voice
【黛 冬優子】2019お月見ボイス,[Fuyuko] 2019 Otsukimi Voice
【黛 冬優子】2019ハロウィンボイス,[Fuyuko] 2019 Halloween Voice
【和泉 愛依】2019七夕ボイス,[Mei] 2019 Tanabata Voice
【和泉 愛依】2019お月見ボイス,[Mei] 2019 Otsukimi Voice
【和泉 愛依】2019ハロウィンボイス,[Mei] 2019 Halloween Voice
トーク(真乃・灯織1),Talk (Mano・Hiori 1)
トーク(真乃・灯織2),Talk (Mano・Hiori 2)
トーク(真乃・めぐる1),Talk (Mano・Meguru 1)
パラコレトーク(真乃・めぐる2),Paracolle Talk (Mano・Meguru2)
トーク(真乃・めぐる3),Talk (Mano・Meguru 3)
トーク(真乃・恋鐘1),Talk (Mano・Kogane 1)
トーク(真乃・摩美々1),Talk (Mano・Mamimi 1)
トーク(真乃・咲耶1),Talk (Mano・Sakuya 1)
トーク(真乃・結華1),Talk (Mano・Yuika 1)
パラコレトーク(真乃・結華2),Paracolle Talk (Mano・Yuika2)
トーク(真乃・霧子1),Talk (Mano・Kiriko 1)
トーク(真乃・果穂1),Talk (Mano・Kaho 1)
パラコレトーク(真乃・果穂2),Paracolle Talk (Mano・Kaho2)
トーク(真乃・智代子1),Talk (Mano・Chiyoko 1)
トーク(真乃・樹里1),Talk (Mano・Juri 1)
パラコレトーク(真乃・樹里2),Paracolle Talk (Mano・Juri2)
トーク(真乃・凛世1),Talk (Mano・Rinze 1)
トーク(真乃・夏葉1),Talk (Mano・Natsuha 1)
トーク(真乃・甘奈1),Talk (Mano・Amana 1)
トーク(真乃・甜花1),Talk (Mano・Tenka 1)
パラコレトーク(真乃・甜花2),Paracolle Talk (Mano・Tenka2)
トーク(真乃・千雪1),Talk (Mano・Chiyuki 1)
トーク(真乃・あさひ1),Talk (Mano・Asahi 1)
パラコレトーク(真乃・あさひ2),Paracolle Talk (Mano・Asahi2)
トーク(真乃・冬優子1),Talk (Mano・Fuyuko 1)
パラコレトーク(真乃・冬優子2),Paracolle Talk (Mano・Fuyuko2)
トーク(真乃・愛依1),Talk (Mano・Mei 1)
トーク(真乃・透1),Talk (Mano・Toru 1)
トーク(真乃・円香1),Talk (Mano・Madoka 1)
パラコレトーク(真乃・円香2),Paracolle Talk (Mano・Madoka2)
トーク(真乃・円香3),Talk (Mano・Madoka 3)
トーク(真乃・小糸1),Talk (Mano・Koito 1)
トーク(真乃・雛菜1),Talk (Mano・Hinana 1)
トーク(真乃・にちか1),Talk (Mano・Nichika 1)
トーク(真乃・美琴1),Talk (Mano・Mikoto 1)
パラコレトーク(真乃・美琴2),Paracolle Talk (Mano・Mikoto2)
トーク(真乃・ルカ1),Talk (Mano・Luca 1)
トーク(真乃・羽那1),Talk (Mano・Hana 1)
パラコレトーク(真乃・羽那2),Paracolle Talk (Mano・Hana2)
トーク(真乃・はるき1),Talk (Mano・Haruki 1)
トーク(真乃・はづき1),Talk (Mano・Hazuki 1)
パラコレトーク(灯織・真乃2),Paracolle Talk (Hiori・Mano2)
トーク(灯織・真乃3),Talk (Hiori・Mano 3)
トーク(灯織・めぐる2),Talk (Hiori・Meguru 2)
パラコレトーク(灯織・恋鐘2),Paracolle Talk (Hiori・Kogane2)
パラコレトーク(灯織・霧子2),Paracolle Talk (Hiori・Kiriko2)
パラコレトーク(灯織・甘奈2),Paracolle Talk (Hiori・Amana2)
パラコレトーク(灯織・甜花2),Paracolle Talk (Hiori・Tenka2)
パラコレトーク(灯織・千雪2),Paracolle Talk (Hiori・Chiyuki2)
パラコレトーク(灯織・冬優子2),Paracolle Talk (Hiori・Fuyuko2)
パラコレトーク(灯織・愛依2),Paracolle Talk (Hiori・Mei2)
パラコレトーク(灯織・透2),Paracolle Talk (Hiori・Toru2)
パラコレトーク(灯織・円香2),Paracolle Talk (Hiori・Madoka2)
パラコレトーク(灯織・にちか2),Paracolle Talk (Hiori・Nichika2)
パラコレトーク(灯織・美琴2),Paracolle Talk (Hiori・Mikoto2)
パラコレトーク(灯織・はるき2),Paracolle Talk (Hiori・Haruki2)
トーク(灯織・はづき1),Talk (Hiori・Hazuki 1)
トーク(灯織・果穂・甘奈1),Talk (Hiori・Kaho・Amana)
トーク(めぐる・真乃2),Talk (Meguru・Mano 2)
パラコレトーク(めぐる・灯織2),Paracolle Talk (Meguru・Hiori2)
トーク(めぐる・灯織3),Talk (Meguru・Hiori 3)
パラコレトーク(めぐる・霧子2),Paracolle Talk (Meguru・Kiriko2)
パラコレトーク(めぐる・樹里2),Paracolle Talk (Meguru・Juri2)
パラコレトーク(めぐる・夏葉2),Paracolle Talk (Meguru・Natsuha2)
パラコレトーク(めぐる・甜花2),Paracolle Talk (Meguru・Tenka2)
パラコレトーク(めぐる・あさひ2),Paracolle Talk (Meguru・Asahi2)
パラコレトーク(めぐる・冬優子2),Paracolle Talk (Meguru・Fuyuko2)
パラコレトーク(めぐる・愛依2),Paracolle Talk (Meguru・Mei2)
パラコレトーク(めぐる・透2),Paracolle Talk (Meguru・Toru2)
パラコレトーク(めぐる・円香2),Paracolle Talk (Meguru・Madoka2)
パラコレトーク(めぐる・雛菜2),Paracolle Talk (Meguru・Hinana2)
パラコレトーク(めぐる・にちか2),Paracolle Talk (Meguru・Nichika2)
パラコレトーク(めぐる・ルカ2),Paracolle Talk (Meguru・Luca2)
パラコレトーク(めぐる・はるき2),Paracolle Talk (Meguru・Haruki2)
トーク(めぐる・はづき1),Talk (Meguru・Hazuki 1)
トーク(めぐる・樹里・咲耶・冬優子1),Talk (Meguru・Juri・Sakuya・Fuyuko 1)
パラコレトーク(恋鐘・真乃2),Paracolle Talk (Kogane・Mano2)
パラコレトーク(恋鐘・めぐる2),Paracolle Talk (Kogane・Meguru2)
トーク(恋鐘・摩美々2),Talk (Kogane・Mamimi 2)
トーク(恋鐘・咲耶2),Talk (Kogane・Sakuya 2)
トーク(恋鐘・結華2),Talk (Kogane・Yuika 2)
パラコレトーク(恋鐘・霧子2),Paracolle Talk (Kogane・Kiriko2)
トーク(恋鐘・霧子3),Talk (Kogane・Kiriko 3)
パラコレトーク(恋鐘・樹里2),Paracolle Talk (Kogane・Juri2)
パラコレトーク(恋鐘・夏葉2),Paracolle Talk (Kogane・Natsuha2)
パラコレトーク(恋鐘・千雪2),Paracolle Talk (Kogane・Chiyuki2)
パラコレトーク(恋鐘・あさひ2),Paracolle Talk (Kogane・Asahi2)
パラコレトーク(恋鐘・冬優子2),Paracolle Talk (Kogane・Fuyuko2)
パラコレトーク(恋鐘・愛依2),Paracolle Talk (Kogane・Mei2)
パラコレトーク(恋鐘・透2),Paracolle Talk (Kogane・Toru2)
パラコレトーク(恋鐘・円香2),Paracolle Talk (Kogane・Madoka2)
パラコレトーク(恋鐘・にちか2),Paracolle Talk (Kogane・Nichika2)
パラコレトーク(恋鐘・美琴2),Paracolle Talk (Kogane・Mikoto2)
パラコレトーク(恋鐘・ルカ2),Paracolle Talk (Kogane・Luca2)
パラコレトーク(恋鐘・はるき2),Paracolle Talk (Kogane・Haruki2)
トーク(恋鐘・はづき1),Talk (Kogane・Hazuki 1)
トーク(摩美々・恋鐘2),Talk (Mamimi・Kogane 2)
トーク(摩美々・咲耶2),Talk (Mamimi・Sakuya 2)
トーク(摩美々・結華2),Talk (Mamimi・Yuika 2)
トーク(摩美々・霧子2),Talk (Mamimi・Kiriko 2)
トーク(摩美々・はづき1),Talk (Mamimi・Hazuki 1)
トーク(咲耶・恋鐘2),Talk (Sakuya・Kogane 2)
トーク(咲耶・摩美々2),Talk (Sakuya・Mamimi 2)
トーク(咲耶・結華2),Talk (Sakuya・Yuika 2)
トーク(咲耶・霧子2),Talk (Sakuya・Kiriko 2)
トーク(咲耶・はづき1),Talk (Sakuya・Hazuki 1)
トーク(結華・恋鐘2),Talk (Yuika・Kogane 2)
トーク(結華・摩美々2),Talk (Yuika・Mamimi 2)
トーク(結華・咲耶2),Talk (Yuika・Sakuya 2)
トーク(結華・霧子2),Talk (Yuika・Kiriko 2)
トーク(結華・はづき1),Talk (Yuika・Hazuki 1)
パラコレトーク(霧子・真乃2),Paracolle Talk (Kiriko・Mano2)
トーク(霧子・恋鐘2),Talk (Kiriko・Kogane 2)
トーク(霧子・摩美々2),Talk (Kiriko・Mamimi 2)
トーク(霧子・咲耶2),Talk (Kiriko・Sakuya 2)
トーク(霧子・結華2),Talk (Kiriko・Yuika 2)
パラコレトーク(霧子・果穂2),Paracolle Talk (Kiriko・Kaho2)
パラコレトーク(霧子・樹里2),Paracolle Talk (Kiriko・Juri2)
パラコレトーク(霧子・夏葉2),Paracolle Talk (Kiriko・Natsuha2)
パラコレトーク(霧子・あさひ2),Paracolle Talk (Kiriko・Asahi2)
パラコレトーク(霧子・冬優子2),Paracolle Talk (Kiriko・Fuyuko2)
パラコレトーク(霧子・愛依2),Paracolle Talk (Kiriko・Mei2)
パラコレトーク(霧子・にちか2),Paracolle Talk (Kiriko・Nichika2)
パラコレトーク(霧子・美琴2),Paracolle Talk (Kiriko・Mikoto2)
パラコレトーク(霧子・はるき2),Paracolle Talk (Kiriko・Haruki2)
トーク(霧子・はづき1),Talk (Kiriko・Hazuki 1)
パラコレトーク(果穂・灯織2),Paracolle Talk (Kaho・Hiori2)
パラコレトーク(果穂・めぐる2),Paracolle Talk (Kaho・Meguru2)
パラコレトーク(果穂・恋鐘2),Paracolle Talk (Kaho・Kogane2)
トーク(果穂・智代子2),Talk (Kaho・Chiyoko 2)
トーク(果穂・樹里2),Talk (Kaho・Juri 2)
パラコレトーク(果穂・樹里3),Paracolle Talk (Kaho・Juri3)
パラコレトーク(果穂・凛世2),Paracolle Talk (Kaho・Rinze2)
トーク(果穂・凛世3),Talk (Kaho・Rinze 3)
トーク(果穂・夏葉2),Talk (Kaho・Natsuha 2)
パラコレトーク(果穂・甜花2),Paracolle Talk (Kaho・Tenka2)
パラコレトーク(果穂・冬優子2),Paracolle Talk (Kaho・Fuyuko2)
パラコレトーク(果穂・愛依2),Paracolle Talk (Kaho・Mei2)
パラコレトーク(果穂・円香2),Paracolle Talk (Kaho・Madoka2)
パラコレトーク(果穂・雛菜2),Paracolle Talk (Kaho・Hinana2)
パラコレトーク(果穂・ルカ2),Paracolle Talk (Kaho・Luca2)
トーク(果穂・はづき1),Talk (Kaho・Hazuki 1)
トーク(智代子・果穂2),Talk (Chiyoko・Kaho 2)
トーク(智代子・樹里2),Talk (Chiyoko・Juri 2)
トーク(智代子・凛世2),Talk (Chiyoko・Rinze 2)
トーク(智代子・夏葉2),Talk (Chiyoko・Natsuha 2)
トーク(智代子・はづき1),Talk (Chiyoko・Hazuki 1)
トーク(樹里・果穂2),Talk (Juri・Kaho 2)
トーク(樹里・智代子2),Talk (Juri・Chiyoko 2)
トーク(樹里・凛世2),Talk (Juri・Rinze 2)
パラコレトーク(樹里・凛世3),Paracolle Talk (Juri・Rinze3)
トーク(樹里・夏葉2),Talk (Juri・Natsuha 2)
パラコレトーク(樹里・甘奈2),Paracolle Talk (Juri・Amana2)
パラコレトーク(樹里・甜花2),Paracolle Talk (Juri・Tenka2)
パラコレトーク(樹里・千雪2),Paracolle Talk (Juri・Chiyuki2)
パラコレトーク(樹里・あさひ2),Paracolle Talk (Juri・Asahi2)
パラコレトーク(樹里・愛依2),Paracolle Talk (Juri・Mei2)
パラコレトーク(樹里・透2),Paracolle Talk (Juri・Toru2)
パラコレトーク(樹里・美琴2),Paracolle Talk (Juri・Mikoto2)
パラコレトーク(樹里・ルカ2),Paracolle Talk (Juri・Luca2)
トーク(樹里・はづき1),Talk (Juri・Hazuki 2)
パラコレトーク(凛世・真乃2),Paracolle Talk (Rinze・Mano2)
パラコレトーク(凛世・灯織2),Paracolle Talk (Rinze・Hiori2)
パラコレトーク(凛世・めぐる2),Paracolle Talk (Rinze・Meguru2)
パラコレトーク(凛世・恋鐘2),Paracolle Talk (Rinze・Kogane2)
パラコレトーク(凛世・霧子2),Paracolle Talk (Rinze・Kiriko2)
トーク(凛世・果穂2),Talk (Rinze・Kaho 2)
トーク(凛世・智代子2),Talk (Rinze・Chiyoko 2)
トーク(凛世・樹里2),Talk (Rinze・Juri 2)
パラコレトーク(凛世・夏葉2),Paracolle Talk (Rinze・Natsuha2)
トーク(凛世・夏葉3),Talk (Rinze・Natsuha 3)
パラコレトーク(凛世・甘奈2),Paracolle Talk (Rinze・Amana2)
パラコレトーク(凛世・甜花2),Paracolle Talk (Rinze・Tenka2)
パラコレトーク(凛世・冬優子2),Paracolle Talk (Rinze・Fuyuko2)
パラコレトーク(凛世・愛依2),Paracolle Talk (Rinze・Mei2)
パラコレトーク(凛世・透2),Paracolle Talk (Rinze・Toru2)
パラコレトーク(凛世・円香2),Paracolle Talk (Rinze・Madoka2)
パラコレトーク(凛世・雛菜2),Paracolle Talk (Rinze・Hinana2)
パラコレトーク(凛世・にちか2),Paracolle Talk (Rinze・Nichika2)
パラコレトーク(凛世・美琴2),Paracolle Talk (Rinze・Mikoto2)
パラコレトーク(凛世・ルカ2),Paracolle Talk (Rinze・Luca2)
パラコレトーク(凛世・はるき2),Paracolle Talk (Rinze・Haruki2)
トーク(凛世・はづき1),Talk (Rinze・Hazuki 1)
パラコレトーク(夏葉・真乃2),Paracolle Talk (Natsuha・Mano2)
パラコレトーク(夏葉・灯織2),Paracolle Talk (Natsuha・Hiori2)
パラコレトーク(夏葉・果穂2),Paracolle Talk (Natsuha・Kaho2)
トーク(夏葉・果穂3),Talk (Natsuha・Kaho 3)
トーク(夏葉・智代子2),Talk (Natsuha・Chiyoko 2)
トーク(夏葉・樹里2),Talk (Natsuha・Juri 2)
トーク(夏葉・凛世2),Talk (Natsuha・Rinze 2)
パラコレトーク(夏葉・樹里3),Paracolle Talk (Natsuha・Juri3)
パラコレトーク(夏葉・あさひ2),Paracolle Talk (Natsuha・Asahi2)
パラコレトーク(夏葉・冬優子2),Paracolle Talk (Natsuha・Fuyuko2)
パラコレトーク(夏葉・円香2),Paracolle Talk (Natsuha・Madoka2)
パラコレトーク(夏葉・雛菜2),Paracolle Talk (Natsuha・Hinana2)
パラコレトーク(夏葉・美琴2),Paracolle Talk (Natsuha・Mikoto2)
パラコレトーク(夏葉・はるき2),Paracolle Talk (Natsuha・Haruki2)
トーク(夏葉・はづき1),Talk (Natsuha・Hazuki 1)
パラコレトーク(甘奈・真乃2),Paracolle Talk (Amana・Mano2)
パラコレトーク(甘奈・めぐる2),Paracolle Talk (Amana・Meguru2)
パラコレトーク(甘奈・恋鐘2),Paracolle Talk (Amana・Kogane2)
パラコレトーク(甘奈・霧子2),Paracolle Talk (Amana・Kiriko2)
パラコレトーク(甘奈・果穂2),Paracolle Talk (Amana・Kaho2)
パラコレトーク(甘奈・夏葉2),Paracolle Talk (Amana・Natsuha2)
パラコレトーク(甘奈・甜花2),Paracolle Talk (Amana・Tenka2)
トーク(甘奈・甜花3),Talk (Amana・Tenka 3)
パラコレトーク(甘奈・千雪2),Paracolle Talk (Amana・Chiyuki2)
トーク(甘奈・千雪3),Talk (Amana・Chiyuki 3)
パラコレトーク(甘奈・あさひ2),Paracolle Talk (Amana・Asahi2)
パラコレトーク(甘奈・冬優子2),Paracolle Talk (Amana・Fuyuko2)
パラコレトーク(甘奈・円香2),Paracolle Talk (Amana・Madoka2)
パラコレトーク(甘奈・雛菜2),Paracolle Talk (Amana・Hinana2)
パラコレトーク(甘奈・美琴2),Paracolle Talk (Amana・Mikoto2)
パラコレトーク(甘奈・ルカ2),Paracolle Talk (Amana・Luca2)
パラコレトーク(甘奈・はるき2),Paracolle Talk (Amana・Haruki2)
トーク(甘奈・はづき1),Talk (Amana・Hazuki 1)
トーク(甜花・真乃1),Talk (Tenka・Mano1)
トーク(甜花・灯織1),Talk (Tenka・Hiori1)
トーク(甜花・めぐる1),Talk (Tenka・Meguru1)
トーク(甜花・恋鐘1),Talk (Tenka・Kogane1)
パラコレトーク(甜花・恋鐘2),Paracolle Talk (Tenka・Kogane2)
トーク(甜花・摩美々1),Talk (Tenka・Mamimi1)
トーク(甜花・咲耶1),Talk (Tenka・Sakuya1)
トーク(甜花・結華1),Talk (Tenka・Yuika1)
パラコレトーク(甜花・結華2),Paracolle Talk (Tenka・Yuika2)
トーク(甜花・霧子1),Talk (Tenka・Kiriko1)
パラコレトーク(甜花・霧子2),Paracolle Talk (Tenka・Kiriko2)
トーク(甜花・果穂1),Talk (Tenka・Kaho1)
トーク(甜花・智代子1),Talk (Tenka・Chiyoko1)
パラコレトーク(甜花・智代子2),Paracolle Talk (Tenka・Chiyoko2)
トーク(甜花・樹里1),Talk (Tenka・Juri1)
トーク(甜花・凛世1),Talk (Tenka・Rinze1)
トーク(甜花・夏葉1),Talk (Tenka・Natsuha1)
パラコレトーク(甜花・夏葉2),Paracolle Talk (Tenka・Natsuha2)
トーク(甜花・甘奈1),Talk (Tenka・Amana1)
トーク(甜花・千雪1),Talk (Tenka・Chiyuki1)
パラコレトーク(甜花・千雪2),Paracolle Talk (Tenka・Chiyuki2)
トーク(甜花・あさひ1),Talk (Tenka・Asahi1)
パラコレトーク(甜花・あさひ2),Paracolle Talk (Tenka・Asahi2)
トーク(甜花・冬優子1),Talk (Tenka・Fuyuko1)
パラコレトーク(甜花・冬優子2),Paracolle Talk (Tenka・Fuyuko2)
トーク(甜花・愛依1),Talk (Tenka・Mei1)
パラコレトーク(甜花・愛依2),Paracolle Talk (Tenka・Mei2)
トーク(甜花・透1),Talk (Tenka・Toru1)
パラコレトーク(甜花・透2),Paracolle Talk (Tenka・Toru2)
トーク(甜花・円香1),Talk (Tenka・Madoka1)
パラコレトーク(甜花・円香2),Paracolle Talk (Tenka・Madoka2)
トーク(甜花・雛菜1),Talk (Tenka・Hinana1)
トーク(甜花・小糸1),Talk (Tenka・Koito1)
トーク(甜花・にちか1),Talk (Tenka・Nichika1)
パラコレトーク(甜花・にちか2),Paracolle Talk (Tenka・Nichika2)
トーク(甜花・美琴1),Talk (Tenka・Mikoto1)
パラコレトーク(甜花・美琴2),Paracolle Talk (Tenka・Mikoto2)
トーク(甜花・ルカ1),Talk (Tenka・Luca1)
トーク(甜花・羽那1),Talk (Tenka・Hana1)
トーク(甜花・はるき1),Talk (Tenka・Haruki1)
パラコレトーク(甜花・はるき2),Paracolle Talk (Tenka・Haruki2)
トーク(甜花・甘奈2),Talk (Tenka・Amana2)
トーク(甜花・千雪3),Talk (Tenka・Chiyuki3)
トーク(甜花・はづき1),Talk (Tenka・Hazuki1)
トーク(甜花・真乃・霧子1),Talk (Tenka・Mano・Kiriko1)
春トーク(甜花・摩美々・灯織・智代子・はづき1),Spring Talk (Tenka/Mamimi/Hiori/Chiyoko/Hazuki1)
パラコレトーク(千雪・真乃2),Paracolle Talk (Chiyuki・Mano2)
パラコレトーク(千雪・めぐる2),Paracolle Talk (Chiyuki・Meguru2)
パラコレトーク(千雪・霧子2),Paracolle Talk (Chiyuki・Kiriko2)
パラコレトーク(千雪・果穂2),Paracolle Talk (Chiyuki・Kaho2)
パラコレトーク(千雪・凛世2),Paracolle Talk (Chiyuki・Rinze2)
パラコレトーク(千雪・夏葉2),Paracolle Talk (Chiyuki・Natsuha2)
トーク(千雪・甘奈2),Talk (Chiyuki・Amana 2)
トーク(千雪・甜花2),Talk (Chiyuki・Tenka 2)
パラコレトーク(千雪・あさひ2),Paracolle Talk (Chiyuki・Asahi2)
パラコレトーク(千雪・冬優子2),Paracolle Talk (Chiyuki・Fuyuko2)
パラコレトーク(千雪・愛依2),Paracolle Talk (Chiyuki・Mei2)
パラコレトーク(千雪・透2),Paracolle Talk (Chiyuki・Toru2)
パラコレトーク(千雪・雛菜2),Paracolle Talk (Chiyuki・Hinana2)
パラコレトーク(千雪・美琴2),Paracolle Talk (Chiyuki・Mikoto2)
パラコレトーク(千雪・ルカ2),Paracolle Talk (Chiyuki・Luca2)
パラコレトーク(千雪・はるき2),Paracolle Talk (Chiyuki・Haruki2)
トーク(千雪・はづき1),Talk (Chiyuki・Hazuki 1)
トーク(千雪・結華・夏葉1),Talk (Chiyuki・Yuika・Natsuha 1)
パラコレトーク(あさひ・灯織2),Paracolle Talk (Asahi・Hiori2)
パラコレトーク(あさひ・果穂2),Paracolle Talk (Asahi・Kaho2)
パラコレトーク(あさひ・凛世2),Paracolle Talk (Asahi・Rinze2)
パラコレトーク(あさひ・冬優子2),Paracolle Talk (Asahi・Fuyuko2)
トーク(あさひ・冬優子3),Talk (Asahi・Fuyuko 3)
パラコレトーク(あさひ・愛依2),Paracolle Talk (Asahi・Mei2)
トーク(あさひ・愛依3),Talk (Asahi・Mei 3)
パラコレトーク(あさひ・透2),Paracolle Talk (Asahi・Toru2)
パラコレトーク(あさひ・美琴2),Paracolle Talk (Asahi・Mikoto2)
パラコレトーク(あさひ・ルカ2),Paracolle Talk (Asahi・Luca2)
トーク(あさひ・はづき1),Talk (Asahi・Hazuki 1)
トーク(あさひ・摩美々・凛世1),Talk (Asahi・Mamimi・Rinze 1)
パラコレトーク(冬優子・樹里2),Paracolle Talk (Fuyuko・Juri2)
パラコレトーク(冬優子・透2),Paracolle Talk (Fuyuko・Toru2)
トーク(冬優子・あさひ2),Talk (Fuyuko・Asahi 2)
トーク(冬優子・愛依2),Talk (Fuyuko・Mei 2)
パラコレトーク(冬優子・円香2),Paracolle Talk (Fuyuko・Madoka2)
パラコレトーク(冬優子・ルカ2),Paracolle Talk (Fuyuko・Luca2)
トーク(冬優子・はづき1),Talk (Fuyuko・Hazuki 1)
パラコレトーク(愛依・真乃2),Paracolle Talk (Mei・Mano2)
パラコレトーク(愛依・夏葉2),Paracolle Talk (Mei・Natsuha2)
パラコレトーク(愛依・甘奈2),Paracolle Talk (Mei・Amana2)
トーク(愛依・あさひ2),Talk (Mei・Asahi 2)
パラコレトーク(愛依・冬優子2),Paracolle Talk (Mei・Fuyuko2)
トーク(愛依・冬優子3),Talk (Mei・Fuyuko 3)
パラコレトーク(愛依・にちか2),Paracolle Talk (Mei・Nichika2)
パラコレトーク(愛依・美琴2),Paracolle Talk (Mei・Mikoto2)
パラコレトーク(愛依・ルカ2),Paracolle Talk (Mei・Luca2)
トーク(愛依・はづき1),Talk (Mei・Hazuki 1)
トーク(愛依・恋鐘・智代子1),Talk (Mei・Kogane・Chiyoko 1)
パラコレトーク(透・真乃2),Paracolle Talk (Toru・Mano2)
パラコレトーク(透・霧子2),Paracolle Talk (Toru・Kiriko2)
パラコレトーク(透・果穂2),Paracolle Talk (Toru・Kaho2)
パラコレトーク(透・夏葉2),Paracolle Talk (Toru・Natsuha2)
パラコレトーク(透・甘奈2),Paracolle Talk (Toru・Amana2)
パラコレトーク(透・愛依2),Paracolle Talk (Toru・Mei2)
パラコレトーク(透・円香2),Paracolle Talk (Toru・Madoka2)
トーク(透・円香3),Talk (Toru・Madoka 3)
トーク(透・小糸2),Talk (Toru・Koito 2)
トーク(透・雛菜2),Talk (Toru・Hinana 2)
パラコレトーク(透・にちか2),Paracolle Talk (Toru・Nichika2)
パラコレトーク(透・美琴2),Paracolle Talk (Toru・Mikoto2)
パラコレトーク(透・ルカ2),Paracolle Talk (Toru・Luca2)
パラコレトーク(透・はるき2),Paracolle Talk (Toru・Haruki2)
トーク(透・はづき1),Talk (Toru・Hazuki 1)
トーク(透・羽那・美琴1),Talk (Toru・Hana・Mikoto 1)
パラコレトーク(円香・霧子2),Paracolle Talk (Madoka・Kiriko2)
パラコレトーク(円香・樹里2),Paracolle Talk (Madoka・Juri2)
パラコレトーク(円香・千雪2),Paracolle Talk (Madoka・Chiyuki2)
パラコレトーク(円香・あさひ2),Paracolle Talk (Madoka・Asahi2)
パラコレトーク(円香・愛依2),Paracolle Talk (Madoka・Mei2)
トーク(円香・透2),Talk (Madoka・Toru 2)
トーク(円香・小糸2),Talk (Madoka・Koito 2)
パラコレトーク(円香・雛菜2),Paracolle Talk (Madoka・Hinana2)
トーク(円香・雛菜3),Talk (Madoka・Hinana 3)
パラコレトーク(円香・にちか2),Paracolle Talk (Madoka・Nichika2)
パラコレトーク(円香・美琴2),Paracolle Talk (Madoka・Mikoto2)
パラコレトーク(円香・ルカ2),Paracolle Talk (Madoka・Luca2)
パラコレトーク(円香・はるき2),Paracolle Talk (Madoka・Haruki2)
トーク(円香・はづき1),Talk (Madoka・Hazuki 1)
トーク(小糸・透2),Talk (Koito・Toru 2)
トーク(小糸・円香2),Talk (Koito・Madoka 2)
トーク(小糸・雛菜2),Talk (Koito・Hinana 2)
トーク(小糸・はづき1),Talk (Koito・Hazuki 1)
トーク(小糸・にちか・はるき1),Talk (Koito・Nichika・Haruki 1)
パラコレトーク(雛菜・真乃2),Paracolle Talk (Hinana・Mano2)
パラコレトーク(雛菜・灯織2),Paracolle Talk (Hinana・Hiori2)
パラコレトーク(雛菜・恋鐘2),Paracolle Talk (Hinana・Kogane2)
パラコレトーク(雛菜・霧子2),Paracolle Talk (Hinana・Kiriko2)
パラコレトーク(雛菜・樹里2),Paracolle Talk (Hinana・Juri2)
パラコレトーク(雛菜・甜花2),Paracolle Talk (Hinana・Tenka2)
パラコレトーク(雛菜・あさひ2),Paracolle Talk (Hinana・Asahi2)
パラコレトーク(雛菜・冬優子2),Paracolle Talk (Hinana・Fuyuko2)
パラコレトーク(雛菜・愛依2),Paracolle Talk (Hinana・Mei2)
パラコレトーク(雛菜・透2),Paracolle Talk (Hinana・Toru2)
トーク(雛菜・透3),Talk (Hinana・Toru 3)
トーク(雛菜・円香2),Talk (Hinana・Madoka 2)
トーク(雛菜・小糸2),Talk (Hinana・Koito 2)
パラコレトーク(雛菜・にちか2),Paracolle Talk (Hinana・Nichika2)
パラコレトーク(雛菜・美琴2),Paracolle Talk (Hinana・Mikoto2)
パラコレトーク(雛菜・ルカ2),Paracolle Talk (Hinana・Luca2)
パラコレトーク(雛菜・はるき2),Paracolle Talk (Hinana・Haruki2)
トーク(雛菜・はづき1),Talk (Hinana・Hazuki 1)
トーク(雛菜・美琴・ルカ1),Talk (Hinana・Mikoto・Luca 1)
パラコレトーク(にちか・真乃2),Paracolle Talk (Nichika・Mano2)
パラコレトーク(にちか・果穂2),Paracolle Talk (Nichika・Kaho2)
パラコレトーク(にちか・樹里2),Paracolle Talk (Nichika・Juri2)
パラコレトーク(にちか・夏葉2),Paracolle Talk (Nichika・Natsuha2)
パラコレトーク(にちか・甘奈2),Paracolle Talk (Nichika・Amana2)
パラコレトーク(にちか・千雪2),Paracolle Talk (Nichika・Chiyuki2)
パラコレトーク(にちか・あさひ2),Paracolle Talk (Nichika・Asahi2)
パラコレトーク(にちか・冬優子2),Paracolle Talk (Nichika・Fuyuko2)
トーク(にちか・美琴3),Talk (Nichika・Mikoto 3)
パラコレトーク(にちか・ルカ2),Paracolle Talk (Nichika・Luca2)
パラコレトーク(にちか・はるき2),Paracolle Talk (Nichika・Haruki2)
トーク(にちか・はづき1),Talk (Nichika・Hazuki 1)
トーク(にちか・円香・ルカ1),Talk (Nichika・Madoka・Luca 1)
パラコレトーク(美琴・めぐる2),Paracolle Talk (Mikoto・Meguru2)
パラコレトーク(美琴・果穂2),Paracolle Talk (Mikoto・Kaho2)
パラコレトーク(美琴・冬優子2),Paracolle Talk (Mikoto・Fuyuko2)
パラコレトーク(美琴・にちか2),Paracolle Talk (Mikoto・Nichika2)
トーク(美琴・にちか3),Talk (Mikoto・Nichika 3)
パラコレトーク(美琴・はるき2),Paracolle Talk (Mikoto・Haruki2)
トーク(美琴・はづき1),Talk (Mikoto・Hazuki 1)
パラコレトーク(ルカ・真乃2),Paracolle Talk (Luca・Mano2)
パラコレトーク(ルカ・灯織2),Paracolle Talk (Luca・Hiori2)
パラコレトーク(ルカ・霧子2),Paracolle Talk (Luca・Kiriko2)
パラコレトーク(ルカ・夏葉2),Paracolle Talk (Luca・Natsuha2)
パラコレトーク(ルカ・甜花2),Paracolle Talk (Luca・Tenka2)
パラコレトーク(ルカ・美琴2),Paracolle Talk (Luca・Mikoto2)
トーク(ルカ・羽那2),Talk (Luca・Hana 2)
トーク(ルカ・はるき2),Talk (Luca・Haruki 2)
パラコレトーク(ルカ・はるき3),Paracolle Talk (Luca・Haruki3)
トーク(ルカ・はづき1),Talk (Luca・Hazuki 1)
トーク(羽那・ルカ2),Talk (Hana・Luca 2)
トーク(羽那・はるき2),Talk (Hana・Haruki 2)
トーク(羽那・はづき1),Talk (Hana・Hazuki 1)
夏トーク(羽那・冬優子・美琴・はづき・円香1),Summer Talk (Hana/Fuyuko/Mikoto/Hazuki/Madoka 1)
パラコレトーク(はるき・真乃2),Paracolle Talk (Haruki・Mano2)
パラコレトーク(はるき・果穂2),Paracolle Talk (Haruki・Kaho2)
パラコレトーク(はるき・樹里2),Paracolle Talk (Haruki・Juri2)
パラコレトーク(はるき・あさひ2),Paracolle Talk (Haruki・Asahi2)
パラコレトーク(はるき・冬優子2),Paracolle Talk (Haruki・Fuyuko2)
パラコレトーク(はるき・愛依2),Paracolle Talk (Haruki・Mei2)
トーク(はるき・ルカ2),Talk (Haruki・Luca 2)
トーク(はるき・羽那2),Talk (Haruki・Hana 2)
トーク(はるき・はづき1),Talk (Haruki・Hazuki 1)
トーク(はづき・真乃1),Talk (Hazuki・Mano 1)
トーク(はづき・灯織1),Talk (Hazuki・Hiori 1)
トーク(はづき・めぐる1),Talk (Hazuki・Meguru 1)
トーク(はづき・恋鐘1),Talk (Hazuki・Kogane 1)
トーク(はづき・摩美々1),Talk (Hazuki・Mamimi 1)
トーク(はづき・咲耶1),Talk (Hazuki・Sakuya 1)
トーク(はづき・結華1),Talk (Hazuki・Yuika 1)
トーク(はづき・霧子1),Talk (Hazuki・Kiriko 1)
トーク(はづき・果穂1),Talk (Hazuki・Kaho 1)
トーク(はづき・智代子1),Talk (Hazuki・Chiyoko 1)
トーク(はづき・樹里1),Talk (Hazuki・Juri 1)
トーク(はづき・凛世1),Talk (Hazuki・Rinze 1)
トーク(はづき・夏葉1),Talk (Hazuki・Natsuha 1)
トーク(はづき・甘奈1),Talk (Hazuki・Amana 1)
トーク(はづき・甜花1),Talk (Hazuki・Tenka 1)
トーク(はづき・千雪1),Talk (Hazuki・Chiyuki 1)
トーク(はづき・あさひ1),Talk (Hazuki・Asahi 1)
トーク(はづき・冬優子1),Talk (Hazuki・Fuyuko 1)
トーク(はづき・愛依1),Talk (Hazuki・Mei 1)
トーク(はづき・透1),Talk (Hazuki・Toru 1)
トーク(はづき・円香1),Talk (Hazuki・Madoka 1)
トーク(はづき・小糸1),Talk (Hazuki・Koito 1)
トーク(はづき・雛菜1),Talk (Hazuki・Hinana 1)
トーク(はづき・にちか1),Talk (Hazuki・Nichika 1)
トーク(はづき・美琴1),Talk (Hazuki・Mikoto 1)
トーク(はづき・ルカ1),Talk (Hazuki・Luca 1)
トーク(はづき・羽那1),Talk (Hazuki・Hana 1)
トーク(はづき・はるき1),Talk (Hazuki・Haruki 1)
誕生日お祝いボイス（櫻木 真乃　誕生日）,Birthday Celebration Voice (Mano's Birthday)
誕生日お祝いボイス（風野 灯織　誕生日）,Birthday Celebration Voice (Hiori's Birthday)
誕生日お祝いボイス（八宮 めぐる　誕生日）,Birthday Celebration Voice (Meguru's Birthday)
誕生日お祝いボイス（月岡 恋鐘　誕生日）,Birthday Celebration Voice (Kogane's Birthday)
誕生日お祝いボイス（田中 摩美々　誕生日）,Birthday Celebration Voice (Mamimi's Birthday)
誕生日お祝いボイス（白瀬 咲耶　誕生日）,Birthday Celebration Voice (Sakuya's Birthday)
誕生日お祝いボイス（三峰 結華　誕生日）,Birthday Celebration Voice (Yuika's Birthday)
誕生日お祝いボイス（幽谷 霧子　誕生日）,Birthday Celebration Voice (Kiriko's Birthday)
誕生日お祝いボイス（小宮 果穂　誕生日）,Birthday Celebration Voice (Kaho's Birthday)
誕生日お祝いボイス（園田 智代子　誕生日）,Birthday Celebration Voice (Chiyoko's Birthday)
誕生日お祝いボイス（西城 樹里　誕生日）,Birthday Celebration Voice (Juri's Birthday)
誕生日お祝いボイス（杜野 凛世　誕生日）,Birthday Celebration Voice (Rinze's Birthday)
誕生日お祝いボイス（有栖川 夏葉　誕生日）,Birthday Celebration Voice (Natsuha's Birthday)
誕生日お祝いボイス（大崎 甘奈　誕生日）,Birthday Celebration Voice (Amana's Birthday)
誕生日お祝いボイス（大崎 甜花　誕生日）,Birthday Celebration Voice (Tenka's Birthday)
誕生日お祝いボイス（桑山 千雪　誕生日）,Birthday Celebration Voice (Chiyuki's Birthday)
誕生日お祝いボイス（芹沢 あさひ　誕生日）,Birthday Celebration Voice (Asahi's Birthday)
誕生日お祝いボイス（黛 冬優子　誕生日）,Birthday Celebration Voice (Fuyuko's Birthday)
誕生日お祝いボイス（和泉 愛依　誕生日）,Birthday Celebration Voice (Mei's Birthday)
誕生日お祝いボイス（浅倉 透　誕生日）,Birthday Celebration Voice (Toru's Birthday)
誕生日お祝いボイス（樋口 円香　誕生日）,Birthday Celebration Voice (Madoka's Birthday)
誕生日お祝いボイス（福丸 小糸　誕生日）,Birthday Celebration Voice (Koito's Birthday)
誕生日お祝いボイス（市川 雛菜　誕生日）,Birthday Celebration Voice (Hinana's Birthday)
誕生日お祝いボイス（七草 にちか　誕生日）,Birthday Celebration Voice (Nichika's Birthday)
誕生日お祝いボイス（緋田 美琴　誕生日）,Birthday Celebration Voice (Mikoto's Birthday)
誕生日お祝いボイス（斑鳩 ルカ　誕生日）,Birthday Celebration Voice (Luca's Birthday)
誕生日お祝いボイス（鈴木 羽那　誕生日）,Birthday Celebration Voice (Hana's Birthday)
誕生日お祝いボイス（郁田 はるき　誕生日）,Birthday Celebration Voice (Haruki's Birthday)
鳴ってる,Ringing
知らない街、人,"Unfamiliar city, unfamiliar people"
予感、、,"A hunch, ,"
思い出、心、、,"Memories, feelings, ,"
意味、、、、,"Meaning, , , ,"
目的、、、、、,"Purpose, , , , ,"
風の返事、、、、、、,"The wind's reply, , , , , ,"
鳴らすよ、、、、、、、,"I'll ring, , , , , , ,"
記す、ために,To write it down
もしも話をしよう,What if scenarios
その日のこと,About that day
向こう側が、見えない,Can't see... what lies beyond
点と、線と,"Dots, and lines, and..."
『わたし』の,"""My"""
結実。そして、,Results. And then...
その向こう側,The other side
、春春,", spring spring"
線　線線,line     line line